_id,title,year,genre,summary,country,director/_id,director/last_name,director/first_name,director/birth_date,actors/0/_id,actors/0/first_name,actors/0/last_name,actors/0/birth_date,actors/0/role,actors/1/_id,actors/1/first_name,actors/1/last_name,actors/1/birth_date,actors/1/role,actors/2/_id,actors/2/first_name,actors/2/last_name,actors/2/birth_date,actors/2/role,actors/3/_id,actors/3/first_name,actors/3/last_name,actors/3/birth_date,actors/3/role,actors/4/_id,actors/4/first_name,actors/4/last_name,actors/4/birth_date,actors/4/role,actors/5/_id,actors/5/first_name,actors/5/last_name,actors/5/birth_date,actors/5/role,actors/6/_id,actors/6/first_name,actors/6/last_name,actors/6/birth_date,actors/6/role,actors/7/_id,actors/7/first_name,actors/7/last_name,actors/7/birth_date,actors/7/role,actors/8/_id,actors/8/first_name,actors/8/last_name,actors/8/birth_date,actors/8/role
movie:1,Vertigo,1958,drama,"Scottie Ferguson, ancien inspecteur de police, est sujet au vertige depuis qu'il a vu mourir son collègue. Elster, son ami, le charge de surveiller sa femme, Madeleine, ayant des tendances suicidaires. Amoureux de la jeune femme Scottie ne remarque pas le piège qui se trame autour de lui et dont il va être la victime... ",DE,artist:3,Hitchcock,Alfred,1899,artist:15,James,Stewart,1908,John Ferguson,artist:16,Kim,Novak,1925,Madeleine Elster,artist:282,Arthur,Pierre,,,,,,,,,,,,,,,,,,,,,,,,,,,,,,,,
movie:2,Alien,1979,Science-fiction,"Près d'un vaisseau spatial échoué sur une lointaine planète, des Terriens en mission découvrent de bien étranges ""oeufs"". Ils en ramènent un à bord, ignorant qu'ils viennent d'introduire parmi eux un huitième passager particulièrement féroce et meurtrier. ",USA,artist:4,Scott,Ridley,1937,artist:5,Sigourney,Weaver,1949,Ripley,,,,,,,,,,,,,,,,,,,,,,,,,,,,,,,,,,,,,,,,
movie:3,Titanic,1997,drama,"Conduite par Brock Lovett, une expédition américaine fouillant l'épave du Titanic remonte à la surface le croquis d'une femme nue. Alertée par les médias la dame en question, Rose DeWitt Bukater, aujourd'hui centenaire, rejoint les lieux du naufrage, d'où elle entreprend de conter le récit de son fascinant, étrange et tragique voyage... ",USA,artist:6,Cameron,James,1954,artist:109,Kate,Winslet,1975,Rose DeWitt Bukater,artist:110,Leonardo,DiCaprio,1974,Jack Dawson,,,,,,,,,,,,,,,,,,,,,,,,,,,,,,,,,,,
movie:4,Sacrifice,1986,drama,,FR,artist:9,Tarkovski,Andrei,1932,,,,,,,,,,,,,,,,,,,,,,,,,,,,,,,,,,,,,,,,,,,,,
movie:5,Volte/Face,1997,Action,"Directeur d'une unité anti-terroriste, Sean Archer recherche Castor Troy, un criminel responsable de la mort de son fils six ans plus tôt. Il parvient à l'arrêter mais apprend que Troy a caché une bombe au Palais des Congrès de Los Angeles. Seul le frère de Troy peut la désamorcer et, pour l'approcher, Archer se fait greffer le visage de Troy. ",USA,artist:10,Woo,John,1946,artist:11,John,Travolta,1954,Sean Archer/Castor Troy,artist:12,Nicolas,Cage,1964,Castor Troy/Sean Archer,,,,,,,,,,,,,,,,,,,,,,,,,,,,,,,,,,,
movie:6,Sleepy Hollow,1999,Fantastique,"Nouvelle Angleterre, 1799. A Sleepy Hollow, plusieurs cadavres sont retrouvés décapités. La                                      rumeur attribue ces meurtres à un cavalier lui-même sans tête. Mais le fin limier                                      new-yorkais Ichabod Crane ne croit pas en ses aberrations. Tombé sous le charme de la                                      vénéneuse Katrina, il mène son enquête au coeur des sortilèges de Sleepy Hollow.. ",USA,artist:13,Burton,Tim,1958,artist:14,Johnny,Depp,1964,Constable Ichabod Crane,artist:96,Christina,Ricci,1980,Katrina Anne Van Tassel,artist:97,Christopher,Walken,1943,Le cavalier,,,,,,,,,,,,,,,,,,,,,,,,,,,,,,
movie:7,American Beauty,1999,Comédie,"Lester Burnham, sa femme Carolyn et leur fille Jane mènent apparemment une vie des plus heureuses dans leur belle banlieue. Mais derrière cette respectable façade se tisse une étrange et grinçante tragi-comédie familiale où désirs inavoués, frustrations et violences refoulées conduiront inexorablement un homme vers la mort. ",USA,artist:17,Mendes,Sam,1965,artist:18,Kevin,Spacey,1959,Lester Burnham,artist:19,Anette,Bening,1958,Carolyn Burnham,,,,,,,,,,,,,,,,,,,,,,,,,,,,,,,,,,,
movie:8,Impitoyable,1992,Western,"Légendaire hors-la-loi, William Munny s'est reconverti depuis onze ans en paisible fermier. Il reprend néanmoins les armes pour traquer deux tueurs en compagnie de son vieil ami Ned Logan. Mais ce dernier est capturé, puis éxécute. L'honneur et l'amitié imposent dès lors à Munny de redevenir une dernière fois le héros qu'il fut jadis... ",USA,artist:20,Eastwood,Clint,1930,artist:20,Clint,Eastwood,1930,William Munny,artist:21,Gene,Hackman,1930,Little Bill Dagget,artist:22,Morgan,Freeman,1937,Ned Logan,,,,,,,,,,,,,,,,,,,,,,,,,,,,,,
movie:9,Gladiator,2000,drama,"Le général romain Maximus est le plus fidèle                    soutien de l'empereur Marc Aurèle, qu'il a                    conduit de victoire en victoire avec une                    bravoure et un dévouement exemplaires.                    Jaloux du prestige de Maximus, et plus                    encore de l'amour que lui voue l'empereur,                    le fils de Marc-Aurèle, Commode, s'arroge                    brutalement le pouvoir, puis ordonne                    l'arrestation du général et son exécution.                    Maximus échappe à ses assassins mais ne peut                    empêcher le massacre de sa famille. Capturé                    par un marchand d'esclaves, il devient                    gladiateur et prépare sa vengeance.",USA,artist:4,Scott,Ridley,1937,artist:23,Russell,Crowe,1964,Maximus,artist:147,Adam,Baldwin,1962,Commode,artist:148,Ryan,ONeal,1941,Lucilla,artist:149,Marisa,Berenson,1946,Marc Aurele,,,,,,,,,,,,,,,,,,,,,,,,,
movie:10,Blade Runner,1982,Action,"En 2019, lors de la décadence de Los Angeles, des êtres synthétiques, sans pensée, sans émotions, suffisent aux différents travaux d'entretien. Leur durée de vie n'excède pas 4 années. Un jour, ces ombres humaines se révoltent et on charge les tueurs, appelés Blade Runner, de les abattre... ",USA,artist:4,Scott,Ridley,1937,artist:24,Harrison,Ford,1942,Deckard,artist:25,Rutger,Hauer,1944,Batty,,,,,,,,,,,,,,,,,,,,,,,,,,,,,,,,,,,
movie:11,Piège de cristal,1988,Action,"John Mc Clane, policier new-yorkais, vient passer Noel a Los Angeles aupres de sa femme. Dans le building ou elle travaille, il se retrouve temoin de la prise en otage de tout le personnel par 12 terroristes. Objectif de ces derniers, vider les coffres de la societe. Cache mais isole, il entreprend de prevenir l'exterieur...",USA,artist:26,McTierman,John,1951,artist:27,Bruce,Willis,1955,McClane,,,,,,,,,,,,,,,,,,,,,,,,,,,,,,,,,,,,,,,,
movie:12,58 minutes pour vivre,1990,Action," Venu attendre sa femme a l'aéroport, le policier John McClane remarque la présence de terroristes qui ont pris le contrôle des pistes, empêchant tout avion d'atterrir et menaçant de laisser les appareils en vol tourner jusqu'à épuisement de leur kérosène. John n'a devant lui que 58 minutes pour éviter la catastrophe... ",USA,artist:28,Harlin,Renny,1959,artist:27,Bruce,Willis,1955,McClane,,,,,,,,,,,,,,,,,,,,,,,,,,,,,,,,,,,,,,,,
movie:13,Van Gogh,1990,drama,"Les derniers jours de la vie de Vincent Van Gogh, réfugié à Auvers-sur-Oise, près de chez son ami et protecteur le docteur Gachet, un ami de son frère Théo. Ce peintre maudit, que les villageois surlast_namemaient ""le fou"", n'avait alors plus que deux mois à vivre, qu'il passa en peignant un tableau par jour. ",FR,artist:29,Pialat,Maurice,1925,artist:30,Jacques,Dutronc,1943,Van Gogh,,,,,,,,,,,,,,,,,,,,,,,,,,,,,,,,,,,,,,,,
movie:14,Seven,1995,crime,"A New York, un criminel anonyme a décidé de commettre 7 meurtres basés sur les 7 pêchés capitaux énoncés dans la Bible : gourmandise, avarice, paresse, orgueil, luxure, envie et colère. Vieux flic blasé à 7 jours de la retraite, l'inspecteur Somerset mène l'enquête tout en formant son remplaçant, l'ambitieux inspecteur David Mills... ",USA,artist:31,Fincher,David,1962,artist:18,Kevin,Spacey,1959,Doe,artist:22,Morgan,Freeman,1937,Somerset,artist:32,Brad,Pitt,1963,Mills,,,,,,,,,,,,,,,,,,,,,,,,,,,,,,
movie:15,Twelve Monkeys,1995,Science-fiction,,USA,artist:33,Gilliam,Terry,1940,artist:27,Bruce,Willis,1955,Cole,,,,,,,,,,,,,,,,,,,,,,,,,,,,,,,,,,,,,,,,
movie:16,Le last_name de la rose,1986,crime,"En l'an 1327, dans une abbaye bénédictine, le moine franciscain Guillaume de Baskerville, accompagné de son jeune novice Adso, enquête sur de mystérieuses morts qui frappent la confrérie. Le secret semble résider dans la bibliothèque, où le vieux Jorge garde jalousement un livre jugé maudit. ",FR,artist:34,Annaud,Jean-Jacques,1943,artist:35,Sean,Connery,1930,Baskerville,artist:36,Christian,Slater,1969,de Melk,,,,,,,,,,,,,,,,,,,,,,,,,,,,,,,,,,,
movie:17,Pulp fiction,1994,Action,"Pulp Fiction décrit l'odyssée sanglante et burlesque de petits malfrats dans la jungle de Hollywood, ou s'entrecroisent les destins de deux petits tueurs, d'un dangereux gangster marié à une camée, d'un boxeur roublard, de prêteurs sur gages sadiques, d'un caïd élégant et dévoué, d'un dealer bon mari et de deux tourtereaux à la gachette facile... ",USA,artist:37,Tarantino,Quentin,1963,artist:11,John,Travolta,1954,Vincent Vega,artist:27,Bruce,Willis,1955,Butch Coolidge,artist:37,Quentin,Tarantino,1963,Jimmy Dimmick,artist:38,Samuel L.,Jackson,1948,Jules Winnfield,artist:39,Rosanna,Arquette,1959,Jody,artist:40,Uma,Thurman,1970,Mia Wallace,artist:97,Christopher,Walken,1943,Capt. Koons,artist:98,Harvey,Keitel,1939,"Winston ""The Wolf"" Wolfe",artist:99,Tim,Roth,1961,Pumpkin (Ringo)
movie:18,Mary à tout prix,1998,Comédie,"Pour retrouver l'amour de sa jeunesse, la belle Mary, Ted-le-looser engage Pat Healy, un privé. Subjugé par la jeune femme, ce dernier tente de la séduire en se faisant passer pour un architecte. Il cache la vérité à Ted et fait cause commune avec Tucker, un autre prétendant, pour se débarrasser de l'encombrant Ted... ",USA,artist:41,Farrelly,Bobby,1958,artist:42,Cameron,Diaz,1972,Mary Jensen Matthews,artist:43,Mat,Dillon,1964,Pat Healy,,,,,,,,,,,,,,,,,,,,,,,,,,,,,,,,,,,
movie:19,Terminator,1984,Science-fiction,"Deux creatures venues du futur debarquent sur terre. L'une d'entre elles, le Terminator, doit eliminer une certaine Sarah Connor, qui doit enfanter celui qui sera le chef d'un groupe de resistants. L'autre, Kyle Reese, est charge par les rebelles de defendre Sarah... ",USA,artist:6,Cameron,James,1954,artist:44,Arnold,Schwartzenegger,1947,Terminator,,,,,,,,,,,,,,,,,,,,,,,,,,,,,,,,,,,,,,,,
movie:20,Les dents de la mer,1975,Horreur,"Dans la station balnéaire d'Amityville, un requin géant frappe à plusieurs reprises. Soucieux d'une bonne saison touristique, le maire interdit au sherif Brody de fermer les plages. Une prime est offerte et le célèbre chasseur de requin Quint se lance avec Brody et l'ichtyologue Hooper à la poursuite du monstre... ",FR,artist:45,Spielberg,Steven,1946,artist:46,Roy,Scheider,1932,Martin Brody,artist:47,Robert,Shaw,1927,Quint,artist:48,Richard,Dreyfus,1947,Matt Hooper,,,,,,,,,,,,,,,,,,,,,,,,,,,,,,
movie:21,Le silence des agneaux,1990,crime,"Afin de retrouver la piste d'un tueur surlast_namemé Buffalo Bill car il scalpe les femmes qu'il assassine, la jeune stagiaire du FBI Clarice Starling est dépêchée auprès d'Hannibal Lecter, prisonnier pour avoir dévoré ses victimes. La coopération de ce dernier devrait permettre à Clarice de saisir et d'anticiper le comportement de Buffalo... ",USA,artist:49,Demme,Jonathan,1944,artist:50,Anthony,Hopkins,1937,Dr. Hannibal Lecter,artist:51,Jodie,Foster,,Clarice Starling,,,,,,,,,,,,,,,,,,,,,,,,,,,,,,,,,,,
movie:22,Godzilla,1998,Action,"Issu des radiations atomiques engendrées par les essais nucléaires en Polynésie, un monstre gigantesque, aussi haut qu'un building, se dirige vers New York, semant le chaos sur son passage. Pour tenter de stopper cette créature destructrice, l'armée s'associe à une équipe de scientifiques américains et à un énigmatique enquêteur français... ",USA,artist:58,Emmerich,Roland,1955,artist:59,Matthew,Broderick,1962,Dr. Nikos Tatopoulos,artist:60,Jean,Reno,1948,Philippe Roaché,,,,,,,,,,,,,,,,,,,,,,,,,,,,,,,,,,,
movie:23,Matrix,1999,Science-fiction,"Dans un monde où tout ce qui semble réel est en fait élaboré par l'univers électronique baptisé la Matrice, Néo, un programmeur, est contacté par un certain Morpheus. D'après lui, Néo serait le Libérateur tant attendu, le seul capable de mettre en échec l'omnipotence de la Matrice et rendre ses droits à la réalité... ",USA,artist:61,Wachowski,Andy,1967,artist:62,Keanu,Reeves,1964,Neo,artist:63,Laurence,Fishburne,1961,Morpheus,,,,,,,,,,,,,,,,,,,,,,,,,,,,,,,,,,,
movie:24,Mission: Impossible,1996,Action,"Chargé d'une nouvelle mission, l'agent du contre espionnage Ethan Hunt tombe avec son équipe dans un piège sanglant. Seul survivant avec Claire, la jeune épouse de son regretté chef Jim Phelps, Ethan se retrouve accusé de trahison. En fuite, il prépare sa contre-attaque, recrutant l'homme de main Krieger et le pirate informatique Luther... ",USA,artist:64,De Palma,Brian,1940,artist:60,Jean,Reno,1948,Franz Krieger,artist:65,Tom,Cruise,1962,Ethan Hunt,artist:66,John,Voight,1938,Jim Phelps,artist:67,Emmanuelle,Bart,1965,Claire Phelps,,,,,,,,,,,,,,,,,,,,,,,,,
movie:25,Kagemusha,1980,Guerre,"Au XVIe siecle, Takeda, grand seigneur trouble par les guerres civiles de son pays, fait appel a un Kagemusha pour l'aider dans ses batailles. Takeda est blesse et avant de mourir, il exige que sa mort soit tenue secrete pendant trois ans afin d'eviter un eclatement du clan. Le Kagemusha devra le remplacer... ",JP,artist:68,Kurozawa,Akira,1910,,,,,,,,,,,,,,,,,,,,,,,,,,,,,,,,,,,,,,,,,,,,,
movie:26,Les pleins pouvoirs,1997,crime,"Luther Whitney est l'as des cambrioleurs. Occupé à vider le coffre de l'influent Walter Sullivan, il est témoin d'un meurtre sadique impliquant le Président des Etats-Unis et les services secrets. Soupçonné par la police d'en être l'auteur, il se retrouve également traqué par les tueurs, qui ont compris qu'ils ont été observés.",USA,artist:20,Eastwood,Clint,1930,artist:20,Clint,Eastwood,1930,Luther Whitney,artist:21,Gene,Hackman,1930,Le président Richmond,artist:69,Ed,Harris,1950,Seth Frank,,,,,,,,,,,,,,,,,,,,,,,,,,,,,,
movie:27,Le gendarme et les extra-terrestres,1978,Comédie,En anglais: Gendarme and the Creatures from Outer Space !,FR,artist:71,Girault,Jean,1924,artist:72,Louis,De Funs,1914,Inspecteur Cruchot,artist:73,Michel,Galabru,1922,Adjudant Gerber,,,,,,,,,,,,,,,,,,,,,,,,,,,,,,,,,,,
movie:28,Le monde perdu,1997,Horreur,,USA,artist:45,Spielberg,Steven,1946,artist:57,Jeff,Goldblum,1952,Dr. Ian Malcolm,,,,,,,,,,,,,,,,,,,,,,,,,,,,,,,,,,,,,,,,
movie:29,Rain Man,1988,drama,"A la mort de son père, Charlie se voit déposséder de son héritage par un frère dont il ignorait l'existence, Raymond. Celui-ci est autiste et vit dans un hôpital psychiatrique. Charlie enlève Raymond afin de prouver qu'il est capable de s'en occuper et de toucher l'héritage. ",USA,artist:79,Levinson,Barry,1942,artist:65,Tom,Cruise,1962,Charlie Babbitt,artist:80,Dustin,Hoffman,1937,Raymond Babbitt,,,,,,,,,,,,,,,,,,,,,,,,,,,,,,,,,,,
movie:30,Top Gun,1986,Action," Pilote de chasse émérite mais casse-cou Maverick Mitchell est admis à Top Gun, l'école de l'élite de l'aéronavale. Son manque de prudence lui attire les foudres de ses supérieurs et la haine de certains coéquipiers. Il perd subitement la foi et confiance en lui quand son ami de toujours meurt en vol et qu'il s'en croit responsable... ",USA,artist:81,Scott,Tony,1944,artist:53,Val,Kilmer,1959,Iceman,artist:65,Tom,Cruise,1962,Lt. Pete Maverick Mitchell,artist:82,Kelly,McGillis,1957,Charlotte Blackwood,,,,,,,,,,,,,,,,,,,,,,,,,,,,,,
movie:31,Les bronzés font du ski,1979,Comédie,"Apres avoir passe des vacances d'ete ensemble, Bernard, Nathalie, Gigi, Jerome, Popeye, Jean-Claude et Christiane se retrouvent aux sports d'hiver. Tous ont leurs problemes de coeur ou d'argent, mais il faut bien vivre avec. Avant de se separer, se perdre dans la montagne leur permet de gouter aux joies de la ""vraie vie"" paysanne... ",FR,artist:83,Leconte,Patrice,1947,artist:75,Josiane,Balasko,1950,Nathalie Morin,artist:76,Dominique,Lavanant,1944,Christiane,artist:84,Michel,Blanc,1952,Jean-Claude Dus,artist:85,Christian,Clavier,1952,Jérôme,artist:86,Thierry,Lhermite,1952,Popeye,,,,,,,,,,,,,,,,,,,,
movie:32,"Le bon, la brute et le truand",1966,Western,"Pendant la Guerre de Sécession, trois hommes, préférant s'intéresser à leur profit personnel, se lancent à la recherche d'un coffre contenant 200 000 dollars en pièces d'or volés à l'armée sudiste. Tuco sait que le trésor se trouve dans un cimetière, tandis que Joe connaît le last_name inscrit sur la pierre tombale qui sert de cache. Chacun a besoin de l'autre. Mais un troisième homme entre dans la course : Setenza, une brute qui n'hésite pas à massacrer femmes et enfants pour parvenir à ses fins.",IT,artist:219,Leone,Sergio,1929,artist:20,Clint,Eastwood,1930,,,,,,,,,,,,,,,,,,,,,,,,,,,,,,,,,,,,,,,,,
movie:33,Psychose,1960,Thriller,"Après avoir volé 40 000 dollars, Marion Crane se rend dans un motel tenu par Norman Bates. Elle est poignardée sous sa douche par une femme. Norman fait disparaitre le corps et les affaires de la jeune femme. Mais Sam, le fiancé de Marion, inquiet de ne pas avoir de nouvelles, engage un détective pour la retrouver... ",USA,artist:3,Hitchcock,Alfred,1899,artist:88,Anthony,Perkins,1932,Bates,artist:89,Vera,Miles,1929,Lila Crane,artist:90,Janet,Leigh,1927,Marion Crane,,,,,,,,,,,,,,,,,,,,,,,,,,,,,,
movie:34,Le retour du Jedi,1983,Science-fiction,"Luke Skywalker s'introduit chez Jabba pour delivrer Han Solo et la princesse Leia, tandis que l'Empire reconstruit une deuxieme ""Etoile de la Mort"". Luke se rend ensuite au chevet de Yoda qui est mourant. Il lui apprend que Leia est sa soeur. Luke forme un commando pour attaquer l'Etoile, tandis qu'il affronte son pere, Darth Vador... ",USA,artist:91,Marquand,Richard,1938,artist:24,Harrison,Ford,1942,Han Solo,artist:92,Mark,Hamill,1951,Luke Skywalker,artist:93,Carrie,Fisher,1956,Princesse Leia,,,,,,,,,,,,,,,,,,,,,,,,,,,,,,
movie:35,Les oiseaux,1963,Horreur,"Melanie Daniels se rend à Bodega Bay pour offrir deux perruches en cage à Cathy, la soeur de l'avocat Mitch Brenner. Attaquée par une mouette, Melanie reste chez les Brenner pour la nuit. Mais d'autres évènements étranges se produisent: des enfants sont blessés par des corbeaux et la maison de Mitch est envahie par des milliers d'oiseaux. ",USA,artist:3,Hitchcock,Alfred,1899,artist:94,Rod,Taylor,1930,Mitch Brenner,artist:95,Tippi,Hedren,1931,Melanie Daniels,,,,,,,,,,,,,,,,,,,,,,,,,,,,,,,,,,,
movie:36,Reservoir dogs,1992,crime,"Après un hold-up manqué, des cambrioleurs de haut vol font leurs comptes dans une confrontation violente, pour découvrir lequel d'entre eux les a trahis. Voleurs de profession, Joe Cabot et son fils Eddie engagent un groupe de six criminels pour le cambriolage d'un diamantaire. Malgré toutes les précautions prises, la police est sur place le jour J, et l'opération se solde par un massacre. Les survivants du gang se réunissent pour règler leurs comptes, chacun soupçonnant l'autre d'avoir trahi. ",USA,artist:37,Tarantino,Quentin,1963,artist:37,Quentin,Tarantino,1963,Mr. Brown,artist:98,Harvey,Keitel,1939,Mr. White/Larry,artist:99,Tim,Roth,1961,Freddy Newendyke/Mr. Orange,artist:100,Chris,Penn,1966,Nice Guy Eddie,artist:215,Michael,Madsen,1958,Mr Blonde,artist:217,Steve,Buscemi,1957,Mr Pink,artist:218,Edward,Bunker,1933,Mr Blue,,,,,,,,,,
movie:37,Eyes Wide Shut,1999,Thriller,"Un couple de bourgeois, cédant à la jalousie et à l'obsession sexuelle, entreprend un voyage psychologique à la recherche de son identité. Le mari, au bout de son périple nocturne, revenu de ses désirs, ne trouvera finalement auprès de son épouse qu'un compromis banal mais complice, les yeux ouverts à tout jamais sur un rêve impossible. ",USA,artist:101,Kubrick,Stanley,1928,artist:65,Tom,Cruise,1962,"Docteur William ""Bill"" Harford",artist:102,Nicole,Kidman,1967,Alice Harford,,,,,,,,,,,,,,,,,,,,,,,,,,,,,,,,,,,
movie:38,Shining,1980,Horreur,"Jack Torrance s'installe avec sa femme et son fils Danny dans un hôtel fermé à la morte saison afin d'écrire un roman. Il apprend que le gardien précédent a tué sa femme et ses deux filles avant de se suicider. Très vite, Jack va s'apercevoir que des choses étranges se passent autour de lui et que son fils a des pouvoirs extrasensoriels... ",FR,artist:101,Kubrick,Stanley,1928,artist:103,Jack,Nicholson,1937,Jack Torrance,,,,,,,,,,,,,,,,,,,,,,,,,,,,,,,,,,,,,,,,
movie:39,Pas de printemps pour Marnie,1964,Thriller,"Marnie est engagée comme secrétaire chez un editeur, Mark Rutland. Celui-ci amoureux d'elle, découvre qu'elle est kleptomane et l'oblige à l'épouser en la menaçant de la dénoncer. En s'apercevant que Marnie a la phobie de la cou leur rouge, Mark tente de remonter dans le passé de la jeune femme afin de comprendre les raisons de sa névrose. ",USA,artist:3,Hitchcock,Alfred,1899,artist:35,Sean,Connery,1930,"
                       Mark R",artist:95,Tippi,Hedren,1931,Marnie Edgar,,,,,,,,,,,,,,,,,,,,,,,,,,,,,,,,,,,
movie:40,Fenêtre sur cour,1954,Suspense,"En repos forcé à cause d'une jambe plâtrée, le reporter L.B. Jefferies observe au téléobjectif les voisins de l'immeuble d'en face. C'est ainsi qu'il remarque le curieux manège d'un représentant de commerce, M. Thorwald, qu'il soupconne très vite d'avoir assassiné sa femme... ",USA,artist:3,Hitchcock,Alfred,1899,,,,,,,,,,,,,,,,,,,,,,,,,,,,,,,,,,,,,,,,,,,,,
movie:41,La mort aux trousses,1959,Suspense,"Roger Thornhill, publiciste, est pris dans le hall de son hôtel pour un certain Kaplan, un espion. Deux hommes tentent de le tuer et quand il retrouve l'un de ses agresseurs, celui-ci est assassiné devant ses yeux. Pris pour un meurtrier, il est obligé de fuir vers Chicago... ",USA,artist:3,Hitchcock,Alfred,1899,artist:105,Cary,Grant,1904,Roger O. Thornhill,artist:106,Eva Marie,Saint,1924,Eve Kendall,artist:107,James,Mason,1909,Philipp Vandamm,,,,,,,,,,,,,,,,,,,,,,,,,,,,,,
movie:42,Jeanne d'Arc,1999,Guerre,,FR,artist:111,Besson,Luc,1959,artist:80,Dustin,Hoffman,1937,,artist:112,Milla,Jovovich,1975,Jeanne d'Arc,artist:113,Fane,Dunaway,1941,Yolande d'Aragon,artist:114,John,Malkovitch,1953,Charles VII,artist:115,Tchky,Karyo,1953,Dunois,,,,,,,,,,,,,,,,,,,,
movie:43,Le cinquième élément,1997,Science-fiction,"Au XXIIIème siècle, dans un univers étrange et coloré, où tout espoir de survie est impossible sans la découverte du Cinquième Elément, un héros peu ordinaire affronte le mal pour sauver l'humanité. ",FR,artist:111,Besson,Luc,1959,artist:27,Bruce,Willis,1955,Major Korben Dalla,artist:112,Milla,Jovovich,1975,Leeloo,artist:116,Gary,Oldman,1958,Jean-Baptiste Emmanuel Zorg,artist:117,Ian,Holm,1931,Vito Cornelius,,,,,,,,,,,,,,,,,,,,,,,,,
movie:44,Léon,1994,Action,"""Léon est un tueur. Un de la pire espèce. Il est introuvable, indétectable, pire qu'un sous-marin. Son ombre est comme une menace de danger permanent sur New York. Indestructible Léon ? Oui, jusqu'à ce qu'une petite souris pénètre son univers. Une toute petite souris aux yeux immenses..."" ",FR,artist:111,Besson,Luc,1959,artist:60,Jean,Reno,1948,Léon,artist:116,Gary,Oldman,1958,Norman Stansfield,artist:118,Natalie,Portman,1981,Mathilda,,,,,,,,,,,,,,,,,,,,,,,,,,,,,,
movie:45,Nikita,1990,Thriller,"Nikita, droguée et violente, est prise en mains par des psychiatres qui la rééduquent, la conditionnent, afin d'en faire une tueuse à la botte des Services Secrets. Plus tard, réalisant ce qu'elle est devenue, un pion sans vie privée que l'on manipule, elle tente d'échapper à ses commanditaires. ",FR,artist:111,Besson,Luc,1959,artist:115,Tchky,Karyo,1953,Bob,artist:119,Anne,Parillaud,1960,Nikita,artist:120,Jean-Hughes,Anglade,1955,Marco,,,,,,,,,,,,,,,,,,,,,,,,,,,,,,
movie:46,Le grand bleu,1988,drama,"Jacques Mayol et Enzo Molinari se connaissent depuis l'enfance. Tous deux experts en apnée, s'affrontent continuellement pour obtenir le record du monde de plongée. Toujours en rivalité, les deux hommes descendent de plus en plus profond, au risque de leurs vies. Le film est ressorti en janvier 89 en version longue d'une durée de 2h40. ",FR,artist:111,Besson,Luc,1959,artist:39,Rosanna,Arquette,1959,Johanna,artist:60,Jean,Reno,1948,Enzo Molinari,artist:121,Jean-Marc,Barr,1960,Jacques Mayol,,,,,,,,,,,,,,,,,,,,,,,,,,,,,,
movie:47,Spider-Man,2002,Action,"Orphelin, Peter Parker est élevé par sa tante May et son oncle Ben dans le quartier Queens de New York. Tout en poursuivant ses études à l'université, il trouve un emploi de photographe au journal Daily Bugle. Il partage son appartement avec Harry Osborn, son meilleur ami, et rêve de séduire la belle Mary Jane.Cependant, après avoir été mordu par une araignée génétiquement modifiée, Peter voit son agilité et sa force s'accroître et se découvre des pouvoirs surnaturels. Devenu Spider-Man, il décide d'utiliser ses nouvelles capacités au service du bien.Au même moment, le père de Harry, le richissime industriel Norman Osborn, est victime d'un accident chimique qui a démesurément augmenté ses facultés intellectuelles et sa force, mais l'a rendu fou. Il est devenu le Bouffon Vert, une créature démoniaque qui menace la ville. Entre lui et Spider-Man, une lutte sans merci s'engage.",USA,artist:187,Raimi,Sam,1959,artist:124,Wesley,Snipes,1962,Spider-Man,artist:125,Annabella,Sciora,1964,Norman Osborn,artist:126,Isabella,Rosselini,1952,Mary Jane Watson,artist:127,Vincent,Gallo,1961,Oncle Ben,artist:128,Lars,von Trier,1956,Tante May,,,,,,,,,,,,,,,,,,,,
movie:48,King of New York,1990,drama,"L'histoire d'un gangster au grand coeur mais aux méthodes définitives, surlast_namemé par le presse The King of New York et qui rêve de fonder un hôpital, confronté a des policiers opiniâtres qui ont juré de l'abattre...",USA,artist:122,Ferrara,Abel,1951,artist:63,Laurence,Fishburne,1961,Jimmy Jump,artist:97,Christopher,Walken,1943,Frank White,artist:124,Wesley,Snipes,1962,Thomas Flanigan,artist:131,Matthieu,Kassowitz,1967,Dennis Gilley,artist:132,Vincent,Cassel,1966,Thomas Flanigan,artist:217,Steve,Buscemi,1957,Test tube,,,,,,,,,,,,,,,
movie:49,The Matrix reloaded,2003,Science-fiction,"Neo apprend à mieux contrôler ses dons naturels, alors même que Sion s'apprête à tomber sous l'assaut de l'Armée des Machines. D'ici quelques heures, 250 000 Sentinelles programmées pour anéantir notre espèce envahiront la dernière enclave humaine de la Terre.Mais Morpheus galvanise les citoyens de Sion en leur rappelant la Parole de l'Oracle : il est encore temps pour l'Elu d'arrêter la guerre contre les Machines. Tous les espoirs se reportent dès lors sur Neo. Au long de sa périlleuse plongée au sein de la Matrix et de sa propre destinée, ce dernier sera confronté à une résistance croissante, une vérité encore plus aveuglante, un choix encore plus douloureux que tout ce qu'il avait jamais imaginé.",USA,artist:61,Wachowski,Andy,1967,artist:62,Keanu,Reeves,1964,Neo,artist:63,Laurence,Fishburne,1961,Morpheus,artist:210,Carrie-Anne,Moss,1967,Trinity,artist:211,Hugo,Weaving,1960,Agent Smith,,,,,,,,,,,,,,,,,,,,,,,,,
movie:50,The Matrix Revolutions,2003,Science-fiction,"La longue quête de liberté des rebelles culmine en une bataille finale explosive. Tandis que l'armée des Machines sème la désolation sur Zion, ses citoyens organisent une défense acharnée. Mais pourront-ils retenir les nuées implacables des Sentinelles en attendant que Neo s'approprie l'ensemble de ses pouvoirs et mette fin à la guerre ?L'agent Smith est quant à lui parvenu à prendre possession de l'esprit de Bane, l'un des membres de l'équipage de l'aéroglisseur. De plus en plus puissant, il est désormais incontrôlable et n'obéit plus aux Machines : il menace de détruire leur empire ainsi que le monde réel et la Matrice... ",USA,artist:135,Phoenix,Joaquin,1974,artist:62,Keanu,Reeves,1964,Neo,artist:63,Laurence,Fishburne,1961,Morpheus,artist:134,Mark,Wahlberg,1971,Agent Smith,artist:136,Charlize,Theron,1975,Trinity,artist:137,James,Caan,1940,L'Oracle,,,,,,,,,,,,,,,,,,,,
movie:51,De bruit et de fureur,1988,drama,"L'histoire de Bruno, enfant attardé des banlieues et des H.L.M., plongé dans la violence de son milieu, et dont la vie va se consumer comme une étoile filante.",FR,artist:138,Chabrol,Claude,1930,artist:139,Isabelle,Huppert,1953,Marcel,artist:140,Anna,Mouglalis,1978,Enseignante,artist:141,Kevin,Costner,1955,Bruno,,,,,,,,,,,,,,,,,,,,,,,,,,,,,,
movie:52,Usual suspects,1995,Thriller,Une légende du crime contraint cinq malfrats à aller s'aquitter d'une tâche très périlleuse. Ceux qui survivent pourront se partager un butin de 90 millions de dollars.,USA,artist:142,Dern,Laura,1967,artist:18,Kevin,Spacey,1959,"Roger ""Verbal"" Kint",artist:143,Tom,Hanks,1956,Micheal McManus,artist:144,Tom,Sizemore,1964,Dean Keaton,artist:145,Matt,Damon,1970,Fred Fenster,artist:146,Matthew,Modine,1959,Todd Hockney,,,,,,,,,,,,,,,,,,,,
movie:53,Bad Lieutenant,1992,drama,La descente aux enfers d'un flic pourri qui enquete sur le viol d'une jolie religieuse.,USA,artist:122,Ferrara,Abel,1951,artist:98,Harvey,Keitel,1939,Le lieutenant,,,,,,,,,,,,,,,,,,,,,,,,,,,,,,,,,,,,,,,,
movie:54,Le parrain,1972,drama,"En 1945, à New York, les Corleone sont une des cinq familles de la mafia. Don Vito Corleone, "" parrain "" de cette famille, marie sa fille à un bookmaker. Sollozzo, "" parrain "" de la famille Tattaglia, propose à Don Vito une association dans le trafic de drogue, mais celui-ci refuse. Sonny, un de ses fils, y est quant à lui favorable.Afin de traiter avec Sonny, Sollozzo tente de faire tuer Don Vito, mais celui-ci en réchappe. Michael, le frère cadet de Sonny, recherche alors les commanditaires de l'attentat et tue Sollozzo et le chef de la police, en représailles.Michael part alors en Sicile, où il épouse Apollonia, mais celle-ci est assassinée à sa place. De retour à New York, Michael épouse Kay Adams et se prépare à devenir le successeur de son père...",USA,artist:181,Coppola,Francis Ford,1940,artist:137,James,Caan,1940,Sonny Corleone,artist:155,Sterling,Hayden,1916,Capt. McCluskey,artist:176,Al,Pacino,1940,Michael Corleone,artist:182,Marlon,Brando,1924,Do Vito Corleone,artist:183,Diane,Keaton,1946,Kay Adams,artist:184,Robert,Duvall,1931,Tom Hagen,,,,,,,,,,,,,,,
movie:55,Le parrain II,1974,drama,"A la mort de Vito Corleone, dit ""le Parrain"", c'est son fils, Michael, qui reprend les affaires familiales. Très vite, son ascension dans le milieu mafiosi est fulgurante.Depuis la mort De Don Vito Corleone, son fils, Michael, règne sur la famille. Amené à négocier avec la mafia juive, il perd alors le soutien d'un de ses lieutenants, Frankie Pentageli. Echappant de justesse à un attentat, Michael tente de retrouver le coupable, soupçonnant Hyman Roth, le chef de la mafia juive.Vito Corleone, immigrant italien, arrive à New York au début du siècle ; très vite, il devient un des caïds du quartier, utilisant la violence comme moyen de régler toutes les affaires. Seul au départ, il bâtit peu à peu un véritable empire, origine de la fortune de la famille des Corleone. ",USA,artist:181,Coppola,Francis Ford,1940,artist:167,Robert,De Niro,1943,Don Vito Corleone,artist:176,Al,Pacino,1940,Michael Corleone,artist:183,Diane,Keaton,1946,Kay Adams,artist:184,Robert,Duvall,1931,Tom Hagen,,,,,,,,,,,,,,,,,,,,,,,,,
movie:56,Le parrain III,1990,drama,"Atteignant la soixantaine, Michael Corleone désire à la fois renouer avec les siens et se réhabiliter aux yeux de la société, surtout de l'Eglise. Il arrivera presque a ses fins, mais sa vie passée et ses anciens ennemis le rattraperont plus vite.Michael Corleone est fatigué. Il veut prendre ses distances avec les activités mafieuses de sa famille. Il veut convertir ces activités en affaires légales. Kay, son ex-femme, lui fait même accepter que leur fils devienne un chanteur d'opéra et ne reprenne pas les activités familiales.Pendant ce temps, la fille de Michael, Mary, et son neveu, le fils de Sonny, Vincent, nouent une idylle qui n'est pas la bienvenue dans la famille.Il décide d'aider le Vatican à renflouer ses caisses et reçoit en échange le contrôle d'une entreprise immobilière leur appartenant. Attisant la jalousie de ses pairs, Michael échappe de justesse à un attentat commis par l'un d'eux. Vincent se propose alors pour reprendre les affaires de la famille en main.",USA,artist:181,Coppola,Francis Ford,1940,artist:1,Sofia,Coppola,1971,Mary Corleone,artist:176,Al,Pacino,1940,Michael Corleone,artist:183,Diane,Keaton,1946,Kay Adams,artist:186,Andy,Garcia,1956,Vincent Mancini,,,,,,,,,,,,,,,,,,,,,,,,,
movie:57,Jackie Brown,1997,crime,"Jackie Brown, hôtesse de l'air, arrondit ses fins de mois en convoyant de l'argent liquide pour le compte d'un trafiquant d'armes, Ordell Robbie. Un jour, un agent federal et un policier de Los Angeles la cueillent à l'aéroport. Ils comptent sur elle pour faire tomber le trafiquant. Jackie échafaude alors un plan audacieux pour doubler tout le monde lors d'un prochain transfert qui porte sur la modeste somme de cinq cent mille dollars. Mais il lui faudra compter avec les complices d'Ordell, qui ont des méthodes plutôt expéditives.",USA,artist:37,Tarantino,Quentin,1963,artist:167,Robert,De Niro,1943,Luis Gara,artist:168,Pam,Grier,1949,Jackie Brown,artist:169,Bridget,Fonda,1964,Melanie,artist:170,Michael,Keaton,1951,Ray Nicolette,artist:212,Samuel,Jackson,1948,Ordell Robbie,,,,,,,,,,,,,,,,,,,,
movie:58,Une journée en enfer,1995,Action,"John McClane est cette fois-ci aux prises avec un maître chanteur, facétieux et dangereux, qui dépose des bombes dans New York.",USA,artist:168,Grier,Pam,1949,artist:27,Bruce,Willis,1955,McClane,artist:38,Samuel L.,Jackson,1948,Zeus Carver,artist:169,Bridget,Fonda,1964,Simon Gruber,,,,,,,,,,,,,,,,,,,,,,,,,,,,,,
movie:59,Sixième sens,1999,Fantastique,"Cole Sear, garconnet de huit ans est hanté par un terrible secret. Son imaginaire est visité par des esprits menacants. Trop jeune pour comprendre le pourquoi de ces apparitions et traumatisé par ces pouvoirs paranormaux, Cole s'enferme dans une peur maladive et ne veut reveler à personne la cause de son enfermement, à l'exception d'un psychologue pour enfants. La recherche d'une explication rationnelle guidera l'enfant et le thérapeute vers une vérité foudroyante et inexplicable.",USA,artist:170,Keaton,Michael,1951,artist:27,Bruce,Willis,1955,Malcom Crowe,artist:171,M. Night,Shyamalan,1970,Cole Sear,,,,,,,,,,,,,,,,,,,,,,,,,,,,,,,,,,,
movie:60,Lost in Translation,2003,romance,"Bob Harris, acteur sur le déclin, se rend à Tokyo pour touner un spot publicitaire. Il a conscience qu'il se trompe - il devrait être chez lui avec sa famille, jouer au théâtre ou encore chercher un rôle dans un film -, mais il a besoin d'argent.Du haut de son hôtel de luxe, il contemple la ville, mais ne voit rien. Il est ailleurs, détaché de tout, incapable de s'intégrer à la réalité qui l'entoure, incapable également de dormir à cause du décalage horaire.Dans ce même établissement, Charlotte, une jeune Américaine fraîchement diplômée, accompagne son mari, photographe de mode. Ce dernier semble s'intéresser davantage à son travail qu'à sa femme. Se sentant délaissée, Charlotte cherche un peu d'attention. Elle va en trouver auprès de Bob...",USA,artist:172,Osment,Haley Joel,1988,artist:173,Tony,Collette,1972,Bob Harris,artist:174,Eric,Leighton,1962,Charlotte,artist:175,Michael,Mann,1943,John,artist:176,Al,Pacino,1940,Kelly,artist:177,Russel,Crowe,1964,Patron Nightclub,,,,,,,,,,,,,,,,,,,,
movie:61,Kill Bill,2003,drama,"Au cours d'une cérémonie de mariage en plein désert, un commando fait irruption dans la chapelle et tire sur les convives. Laissée pour morte, la Mariée enceinte retrouve ses esprits après un coma de quatre ans.Celle qui a auparavant exercé les fonctions de tueuse à gages au sein du Détachement International des Vipères Assassines n'a alors plus qu'une seule idée en tête : venger la mort de ses proches en éliminant tous les membres de l'organisation criminelle, dont leur chef Bill qu'elle se réserve pour la fin.",USA,artist:37,Tarantino,Quentin,1963,artist:40,Uma,Thurman,1970,"La mariée, alias ""Black Mamba""",artist:213,Lucy,Liu,1968,O-Ren Ishii,artist:214,David,Carradine,1936,Bill,artist:215,Michael,Madsen,1958,Budd / Sidewinder,artist:216,Daryl,Hannah,1960,Elle Driver,,,,,,,,,,,,,,,,,,,,
movie:62,Stalingrad,2001,drama,,USA,artist:34,Annaud,Jean-Jacques,1943,artist:182,Marlon,Brando,1924,Vassili Zaïtzev,artist:183,Diane,Keaton,1946,major König,,,,,,,,,,,,,,,,,,,,,,,,,,,,,,,,,,,
movie:63,Million Dollar Baby,2005,drama,Une histoire d'amour tragique et platonique entre une boxeuse et un vieil entraîneur de trente ans son aîné.,USA,artist:20,Eastwood,Clint,1930,artist:20,Clint,Eastwood,1930,Frankie Dunn,artist:22,Morgan,Freeman,1937,Eddie Scrap-Iron Dupris,artist:224,Hillary,Swank,1974,Maggie Fitzerald,,,,,,,,,,,,,,,,,,,,,,,,,,,,,,
movie:64,Pour quelques dollars de plus,1965,Western,"Le colonel Douglas Mortimer collabore avec un chasseur de primes surlast_namemé L'""Etranger"". Tous les deux souhaitent capturer Indio, un tueur fou, qui sème la terreur autour de lui. Ce dernier et ses hommes sont sur le point de piller la banque d'El Paso.",IT,artist:219,Leone,Sergio,1929,,,,,,,,,,,,,,,,,,,,,,,,,,,,,,,,,,,,,,,,,,,,,
movie:67,Marie Antoinette,2006,drama,"Based on Antonia Fraser's book about the ill-fated  Archduchess of Austria and later Queen of France,  'Marie Antoinette' tells the story of the most  misunderstood and abused woman in history, from  her birth in Imperial Austria to her later life in  France. ",USA,artist:1,Coppola,Sofia,1971,artist:2,Kirsten,Dunst,,Marie Antoinette,,,,,,,,,,,,,,,,,,,,,,,,,,,,,,,,,,,,,,,,
movie:68,Soleil vert,1973,Science-fiction,"L'action du film se déroule en l'an 2022 à New York qui est devenue une mégapole de 44 millions d'habitants. Il règne en permanence une température élevée, soit plus de 30 °C. L'eau est rare. La faune et la flore ont quasiment disparu. La nourriture issue de l'agriculture également. La plupart des habitants n'ont pas les moyens d'acheter des aliments naturels, les prix étant exorbitants. Ils en sont réduits à manger des produits de synthèse, fournis par la multinationale « Soylent », des tablettes de forme carrée, jaunes, rouges ou bleues. Un nouvel aliment vient d'être lancé, le soylent green, beaucoup plus nutritif, cher et disponible uniquement le mardi : ce jour-là, des émeutes de citoyens affamés ne sont pas rares et sont sévèrement réprimées.Thorn, un policier « de premier ordre », vit avec son ami Sol Roth, un vieux juif lettré, dans un petit appartement délabré et surpeuplé. Sol peste contre l'état du monde et a la nostalgie du passé tandis que Thorn se contente des seules choses qu'il a connues, à savoir la nourriture synthétique et la canicule perpétuelle.Dans le même temps, William Simonson, un des dirigeants de la société agroalimentaire Soylent, est exécuté dans son appartement situé dans une tour sécurisée des beaux quartiers de Chelsea ; Thorn est chargé de l'enquête et va découvrir que cette affaire, rapidement étiquetée comme étant un crime crapuleux, se révèle être en fait un assassinat visant à empêcher Simonson de révéler un terrible secret. Thorn comprend que Tab Fielding, le garde du corps du dirigeant, est complice car il était, comme par hasard, absent au moment du meurtre et que le système de sécurité était en panne. Thorn ramène chez lui divers objets dont des aliments frais, de la viande et du bourbon, qu'il a dérobé chez la victime, et les partage avec Sol. Poursuivant son enquête, Thorn revient dans l'appartement, noue une relation avec la « compagne » de Simonson, ayant le statut de simple « meuble » et dont le prochain locataire disposera.Puis Thorn découvre que Tab Fielding est propriétaire d'un bel appartement et qu'il a les moyens d'acheter de la nourriture naturelle, telle que de la confiture aux fraises : les soupçons du policier se confirment donc et il refuse de clôturer l'enquête. Thorn se révélant trop curieux, Donovan, l'homme chargé de la sécurité et qui travaille pour Santini, le gouverneur, décide de le supprimer par l'intermédiaire de son tueur à gage, Gilbert, l'exécuteur de Simonson.Profitant d'une émeute due à l'épuisement des stocks de soylent green, Gilbert tente de tuer Thorn en lui tirant dessus mais échoue par deux fois, tant la foule est dense. Thorn finit par maîtriser Gilbert et l'envoie bouler sous une « dégageuse » (scoop), sorte de camion-benne tractopelle ramassant les émeutiers afin de canaliser l'émeute.Pendant ce temps, Sol se rend à l'Échange, bibliothèque où se réunissent des gens instruits, sorte de comité de sage consultatif pouvant émettre un avis auprès d'instances internationales. Sol leur montre les deux rapports d'activité de la société Soylent que Thorn avait découvert chez Simonson. Face aux conclusions du comité, horrifié et désemparé, Sol comprend pourquoi Simonson a été assassiné : il décide alors d'aller au Foyer, endroit où l'on se fait euthanasier. Thorn arrive trop tard pour l'en empêcher mais réussit à assister aux dernières minutes de son ami : sur un immense écran, Thorn voit défiler les images de ce qu'était la Terre autrefois, des paysages magnifiques, la vie sauvage, la beauté de la nature. Avant de mourir, Sol lui demande de trouver la preuve que la société Soylent n'est pas ce qu'elle prétend être.Thorn se glisse dans l'un des camions bennes emmenant les cadavres à l'extérieur de la ville vers un crematorium et découvre, en explorant les locaux de l'usine, que le soylent green est en réalité fabriqué à partir des cadavres euthanasiés : cet aliment est, selon le discours officiel, censé être fabriqué à partir de plancton. En réalité, même les océans sont devenus stériles et l'anthropophagie est désormais intégrée au système alimentaire humain.Pourchassé par les tueurs au service du gouverneur Santini, dont Tab Fielding, Thorn finit par être sévèrement blessé. Quand son supérieur arrive à sa rescousse, Thorn se met à hurler que le « soylent green est fabriqué avec des gens qui servent de bétails ». Il supplie son supérieur de tout révéler.",USA,artist:7,Fleischer,Richard ,1973,artist:8,Charlton ,Hestone,1923,sol,,,,,,,,,,,,,,,,,,,,,,,,,,,,,,,,,,,,,,,,
movie:69,Heat,1995,crime,"La bande de Neil McCauley à laquelle est venu se greffer Waingro, une nouvelle recrue, attaque un fourgon blindé pour s'emparer d'une somme importante en obligations. Cependant, ce dernier tue froidement l'un des convoyeurs et Chris Shiherlis se retrouve obligé de ""terminer le travail"". Neil tente d'éliminer Waingro, mais celui-ci parvient à s'échapper. Parallèlement, le lieutenant Vincent Hanna mène l'enquête...",USA,artist:175,Mann,Michael,1943,artist:167,Robert,De Niro,1943,,,,,,,,,,,,,,,,,,,,,,,,,,,,,,,,,,,,,,,,,
movie:70,Taxi driver,1976,drama,"Vétéran de la Guerre du Vietnam, Travis Bickle est chauffeur de taxi dans la ville de New York. Ses rencontres nocturnes et la violence quotidienne dont il est témoin lui font peu à peu perdre la tête. Il se charge bientôt de délivrer une prostituée mineure de ses souteneurs.",USA,artist:241,Scorcese,Martin,1962,artist:51,Jodie,Foster,,1962,artist:167,Robert,De Niro,1943,Travis Bickle ,,,,,,,,,,,,,,,,,,,,,,,,,,,,,,,,,,,
movie:71,Les affranchis,1990,crime,"Depuis sa plus tendre enfance, Henry Hill, né d'un père irlandais et d'une mère sicilienne, veut devenir gangster et appartenir à la Mafia. Adolescent dans les années cinquante, il commence par travailler pour le compte de Paul Cicero et voue une grande admiration pour Jimmy Conway, qui a fait du détournement de camions sa grande spécialité. Lucide et ambitieux, il contribue au casse des entrepôts de l'aéroport d'Idlewild et épouse Karen, une jeune Juive qu'il trompe régulièrement. Mais son implication dans le trafic de drogue le fera plonger...",USA,artist:241,Scorcese,Martin,1962,artist:167,Robert,De Niro,1943,James Conway,artist:242,Ray,Liotta,1954,Henry Hill,artist:243,Joe,Pesci,1943,Tommy DeVito,artist:244,Lorraine,Bracco,1954,Karen Hill,,,,,,,,,,,,,,,,,,,,,,,,,
movie:72,Casino,1995,crime,"En 1973, Sam Ace Rothstein est le grand manitou de la ville de toutes les folies, Las Vegas. Il achète et épouse une virtuose de l’arnaque, Ginger Mc Kenna, qui sombre bien vite dans l’alcool et la drogue. Mais un autre ennui guette Sam, son ami d’enfance Nicky Santoro, qui entreprend de mettre la ville en coupe réglée…",USA,artist:241,Scorcese,Martin,1962,artist:167,Robert,De Niro,1943,Sam 'Ace' Rothstein,artist:243,Joe,Pesci,1943,  Nicky Santoro ,artist:245,Sharon,Stone,1958,Ginger McKenna,,,,,,,,,,,,,,,,,,,,,,,,,,,,,,
movie:73,Casino Royale,2006,Action,"Pour sa première mission, James Bond affronte le tout-puissant banquier privé du terrorisme international, Le Chiffre. Pour achever de le ruiner et démanteler le plus grand réseau criminel qui soit, Bond doit le battre lors d'une partie de poker à haut risque au Casino Royale. La très belle Vesper, attachée au Trésor, l'accompagne afin de veiller à ce que l'agent 007 prenne soin de l'argent du gouvernement britannique qui lui sert de mise, mais rien ne va se passer comme prévu.Alors que Bond et Vesper s'efforcent d'échapper aux tentatives d'assassinat du Chiffre et de ses hommes, d'autres sentiments surgissent entre eux, ce qui ne fera que les rendre plus vulnérables... ",USA,artist:246,Campbell,Martin,1943,artist:247,Daniel,Craig,1968,James Bond,artist:248,Eva,Green,1980,Vesper Lynd,,,,,,,,,,,,,,,,,,,,,,,,,,,,,,,,,,,
movie:74,Skyfall,1012,Action,"Lorsque la dernière mission de Bond tourne mal, plusieurs agents infiltrés se retrouvent exposés dans le monde entier. Le MI6 est attaqué, et M est obligée de relocaliser l’Agence. Ces événements ébranlent son autorité, et elle est remise en cause par Mallory, le nouveau président de l’ISC, le comité chargé du renseignement et de la sécurité. Le MI6 est à présent sous le coup d’une double menace, intérieure et extérieure. Il ne reste à M qu’un seul allié de confiance vers qui se tourner : Bond. Plus que jamais, 007 va devoir agir dans l’ombre. Avec l’aide d’Eve, un agent de terrain, il se lance sur la piste du mystérieux Silva, dont il doit identifier coûte que coûte l’objectif secret et mortel… ",USA,artist:17,Mendes,Sam,1965,artist:247,Daniel,Craig,1968,James Bond,artist:249,Judi,Bench,1934,M,artist:250,Javier,Bardem,1969,Silva,,,,,,,,,,,,,,,,,,,,,,,,,,,,,,
movie:76,No country for old men,2007,crime,"A la frontière qui sépare le Texas du Mexique, les trafiquants de drogue ont depuis longtemps remplacé les voleurs de bétail. Lorsque Llewelyn Moss tombe sur une camionnette abandonnée, cernée de cadavres ensanglantés, il ne sait rien de ce qui a conduit à ce drame. Et quand il prend les deux millions de dollars qu'il découvre à l'intérieur du véhicule, il n'a pas la moindre idée de ce que cela va provoquer...Moss a déclenché une réaction en chaîne d'une violence inouïe que le shérif Bell, un homme vieillissant et sans illusions, ne parviendra pas à contenir... ",USA,artist:251,Coen,Ethan,1957,artist:250,Javier,Bardem,1969,Anton Chigurh,artist:252,Tommy Lee,Jones,1946,Ed Tom Bell,artist:253,Josh,Brolin,1968,Llewelyn Moss,,,,,,,,,,,,,,,,,,,,,,,,,,,,,,
movie:77,Fargo,1996,crime,"En plein hiver, Jerry Lundegaard, un vendeur de voitures d'occasion à Minneapolis, a besoin d'un prêt de Wade Gustafson, son riche beau-père. Endetté jusqu'au cou, il fait appel à Carl Showalter et Gaear Grimsrud, deux malfrats, pour qu'ils enlèvent son épouse Jean. Il pourra ainsi partager avec les ravisseurs la rançon que Wade paiera pour la libération de sa fille. Mais les choses ne vont pas se dérouler comme prévu. ",USA,artist:251,Coen,Ethan,1957,artist:217,Steve,Buscemi,1957,Carl Showalter,artist:254,William,Macy,1950, Jerry Lundegaard ,,,,,,,,,,,,,,,,,,,,,,,,,,,,,,,,,,,
movie:78,Django unchained,2012,Western,"Dans le sud des États-Unis, deux ans avant la guerre de Sécession, le Dr King Schultz, un chasseur de primes allemand, fait l’acquisition de Django, un esclave qui peut l’aider à traquer les frères Brittle, les meurtriers qu’il recherche. Schultz promet à Django de lui rendre sa liberté lorsqu’il aura capturé les Brittle – morts ou vifs.Alors que les deux hommes pistent les dangereux criminels, Django n’oublie pas que son seul but est de retrouver Broomhilda, sa femme, dont il fut séparé à cause du commerce des esclaves…Lorsque Django et Schultz arrivent dans l’immense plantation du puissant Calvin Candie, ils éveillent les soupçons de Stephen, un esclave qui sert Candie et a toute sa confiance. Le moindre de leurs mouvements est désormais épié par une dangereuse organisation de plus en plus proche… Si Django et Schultz veulent espérer s’enfuir avec Broomhilda, ils vont devoir choisir entre l’indépendance et la solidarité, entre le sacrifice et la survie…",USA,artist:37,Tarantino,Quentin,1963,artist:110,Leonardo,DiCaprio,1974,Calvin Candie,artist:212,Samuel,Jackson,1948,Stephen,artist:255,Jamie,Foxx,1967,Django,artist:256,Christoph,Waltz,1956,Dr. King Schultz,,,,,,,,,,,,,,,,,,,,,,,,,
movie:79,Inglourious Basterds,209,Guerre,"Dans la France occupée de 1940, Shosanna Dreyfus assiste à l'exécution de sa famille tombée entre les mains du colonel nazi Hans Landa. Shosanna s'échappe de justesse et s'enfuit à Paris où elle se construit une nouvelle identité en devenant exploitante d'une salle de cinéma.Quelque part ailleurs en Europe, le lieutenant Aldo Raine forme un groupe de soldats juifs américains pour mener des actions punitives particulièrement sanglantes contre les nazis. ""Les bâtards"", last_name sous lequel leurs ennemis vont apprendre à les connaître, se joignent à l'actrice allemande et agent secret Bridget von Hammersmark pour tenter d'éliminer les hauts dignitaires du Troisième Reich. Leurs destins vont se jouer à l'entrée du cinéma où Shosanna est décidée à mettre à exécution une vengeance très personnelle... ",USA,artist:37,Tarantino,Quentin,1963,,,,,,,,,,,,,,,,,,,,,,,,,,,,,,,,,,,,,,,,,,,,,
movie:80,Inglourious Basterds,2009,Guerre,"Dans la France occupée de 1940, Shosanna Dreyfus assiste à l'exécution de sa famille tombée entre les mains du colonel nazi Hans Landa. Shosanna s'échappe de justesse et s'enfuit à Paris où elle se construit une nouvelle identité en devenant exploitante d'une salle de cinéma.Quelque part ailleurs en Europe, le lieutenant Aldo Raine forme un groupe de soldats juifs américains pour mener des actions punitives particulièrement sanglantes contre les nazis. ""Les bâtards"", last_name sous lequel leurs ennemis vont apprendre à les connaître, se joignent à l'actrice allemande et agent secret Bridget von Hammersmark pour tenter d'éliminer les hauts dignitaires du Troisième Reich. Leurs destins vont se jouer à l'entrée du cinéma où Shosanna est décidée à mettre à exécution une vengeance très personnelle... ",USA,artist:37,Tarantino,Quentin,1963,artist:32,Brad,Pitt,1963,Lt. Aldo Raine,artist:256,Christoph,Waltz,1956,Col. Hans Landa,artist:257,Mélanie,Laurent,1983,Shoshana,artist:258,Michael,Fassbender,1977,Lt. Archie Hicox,,,,,,,,,,,,,,,,,,,,,,,,,
movie:81,Les quatre cents coups,1959,drama,"Antoine a une adolescence turbulente. Il ment à ses parents indifférents à son sort, vole, fugue. Son seul réconfort, il fait les quatre cents coups avec son ami René. Un jour, la police s'en mêle. ",FR,artist:259,Truffaut,François,,artist:260,Jean-Pierre,Léaud,1944,Antoine Doinel,,,,,,,,,,,,,,,,,,,,,,,,,,,,,,,,,,,,,,,,
movie:82,Le dernier métro,1980,drama,"Paris, septembre 1942. Lucas Steiner, le directeur du théâtre Montmartre a dû fuir parce qu’il est juif. Sa femme Marion Steiner dirige le théâtre et engage Bernard Granger, transfuge du Grand Guignol, pour jouer à ses côtés dans « la Disparue », que met en scène Jean-Louis Cottins. Jusqu’au soir de la générale, la troupe subit les menaces du virulent critique de « Je suis partout », Daxiat, dont l’ambition est de diriger la Comédie-Française. Et si, par amour pour sa femme, Lucas Steiner avait fait semblant de fuir la France et était resté caché dans la cave de son théâtre pendant toute la guerre…. ",FR,artist:259,Truffaut,François,,artist:130,Catherine,Deneuve,1943,Marion Steiner,artist:261,Gérard,Departieu,,Bernard Granger,artist:262,Jean,Poiret,1926,Jean-Loup Cottins,,,,,,,,,,,,,,,,,,,,,,,,,,,,,,
movie:84,Rio Grande,1950,Western,"Colonel de la cavalerie américaine, Kirby York acceuille dans son régiment son propre fils, le jeune Jeff, recalé à West Point. Séparée de York depuis un épisode tragique de la Guerre de Sécession, Kathleen, la mère de Jeff, intervient auprès de son époux pour qu'il n'accepte pas le jeune homme dans sa garnison. La guerre contre les Indiens fait rage, et la mère craint pour la vie de son fils. Une terrible bataille contre les Apaches s'annonce... ",USA,artist:263,Ford,John,1894,artist:264,John,Wayne,1907,Lt. Col. Kirby Yorke,artist:265,Maureen,O'Hara,1920,Mrs. Kathleen Yorke,,,,,,,,,,,,,,,,,,,,,,,,,,,,,,,,,,,
movie:85,Interstellar,2014,Science-fiction,Le film raconte les aventures d’un groupe d’explorateurs qui utilisent une faille récemment découverte dans l’espace-temps afin de repousser les limites humaines et partir à la conquête des distances astrolast_nameiques dans un voyage interstellaire.,USA,artist:266,Nolan,Christopher,1970,artist:267,Mathew,McConaughey,1969,Cooper,artist:268,Anne,Hathaway,1982,   Brand ,artist:269,Michael,Caine,1933,Professor Brand,,,,,,,,,,,,,,,,,,,,,,,,,,,,,,
movie:86,Inception,2010,Science-fiction,"Dom Cobb est un voleur expérimenté – le meilleur qui soit dans l’art périlleux de l’extraction : sa spécialité consiste à s’approprier les secrets les plus précieux d’un individu, enfouis au plus profond de son subconscient, pendant qu’il rêve et que son esprit est particulièrement vulnérable. Très recherché pour ses talents dans l’univers trouble de l’espionnage industriel, Cobb est aussi devenu un fugitif traqué dans le monde entier qui a perdu tout ce qui lui est cher. Mais une ultime mission pourrait lui permettre de retrouver sa vie d’avant – à condition qu’il puisse accomplir l’impossible : l’inception. Au lieu de subtiliser un rêve, Cobb et son équipe doivent faire l’inverse : implanter une idée dans l’esprit d’un individu. S’ils y parviennent, il pourrait s’agir du crime parfait. Et pourtant, aussi méthodiques et doués soient-ils, rien n’aurait pu préparer Cobb et ses partenaires à un ennemi redoutable qui semble avoir systématiquement un coup d’avance sur eux. Un ennemi dont seul Cobb aurait pu soupçonner l’existence. ",USA,artist:266,Nolan,Christopher,1970,artist:110,Leonardo,DiCaprio,1974,Cobb,artist:269,Michael,Caine,1933,Miles,artist:270,Elen,Page,,Ariadne,artist:271,Marion,Cotillard,1975,Mal,,,,,,,,,,,,,,,,,,,,,,,,,
movie:87,Memento,2000,Thriller,"Leonard Shelby ne porte que des costumes de grands couturiers et ne se déplace qu'au volant de sa Jaguar. En revanche, il habite dans des motels miteux et règle ses notes avec d'épaisses liasses de billets.Leonard n'a qu'une idée en tête : traquer l'homme qui a violé et assassiné sa femme afin de se venger. Sa recherche du meurtrier est rendue plus difficile par le fait qu'il souffre d'une forme rare et incurable d'amnésie. Bien qu'il puisse se souvenir de détails de son passé, il est incapable de savoir ce qu'il a fait dans le quart d'heure précédent, où il se trouve, où il va et pourquoi.Pour ne jamais perdre son objectif de vue, il a structuré sa vie à l'aide de fiches, de notes, de photos, de tatouages sur le corps. C'est ce qui l'aide à garder contact avec sa mission, à retenir les informations et à garder une trace, une notion de l'espace et du temps. ",USA,artist:266,Nolan,Christopher,1970,artist:272,Guy,Pearce,1967,Leonard,artist:273,Carie-Anne,Moss,1967,Natalie,,,,,,,,,,,,,,,,,,,,,,,,,,,,,,,,,,,
movie:88,Batman begins,2005,Thriller,"Comment un homme seul peut-il changer le monde ? Telle est la question qui hante Bruce Wayne depuis cette nuit tragique où ses parents furent abattus sous ses yeux, dans une ruelle de Gotham City. Torturé par un profond sentiment de colère et de culpabilité, le jeune héritier de cette richissime famille fuit Gotham pour un long et discret voyage à travers le monde. Le but de ses pérégrinations : sublimer sa soif de vengeance en trouvant de nouveaux moyens de lutter contre l'injustice.",USA,artist:266,Nolan,Christopher,1970,artist:22,Morgan,Freeman,1937,Lucius Fox ,artist:116,Gary,Oldman,1958, Jim Gordon ,artist:269,Michael,Caine,1933,Alfred,artist:274,Christian,Bale,1974, Bruce Wayne / Batman ,artist:275,Liam,Neeson,1952,Ducard,,,,,,,,,,,,,,,,,,,,
movie:89,The Dark Knight,2008,Science-fiction,"Dans ce nouveau volet, Batman augmente les mises dans sa guerre contre le crime. Avec l'appui du lieutenant de police Jim Gordon et du procureur de Gotham, Harvey Dent, Batman vise à éradiquer le crime organisé qui pullule dans la ville. Leur association est très efficace mais elle sera bientôt bouleversée par le chaos déclenché par un criminel extraordinaire que les citoyens de Gotham connaissent sous le last_name de Joker. ",USA,artist:266,Nolan,Christopher,1970,artist:22,Morgan,Freeman,1937,Lucius Fox,artist:116,Gary,Oldman,1958,Gordon,artist:269,Michael,Caine,1933,Alfred,artist:274,Christian,Bale,1974,Bruce Wayne / Batman,artist:276,Heath,Ledger,1979,Joker,artist:277,Maggie,Gyllenhaal,1977,Rachel,,,,,,,,,,,,,,,
movie:90,The Dark Knight Rises,2012,Science-fiction,"Il y a huit ans, Batman a disparu dans la nuit : lui qui était un héros est alors devenu un fugitif. S'accusant de la mort du procureur-adjoint Harvey Dent, le Chevalier Noir a tout sacrifié au last_name de ce que le commissaire Gordon et lui-même considéraient être une noble cause. Et leurs actions conjointes se sont avérées efficaces pour un temps puisque la criminalité a été éradiquée à Gotham City grâce à l'arsenal de lois répressif initié par Dent.Mais c'est un chat – aux intentions obscures – aussi rusé que voleur qui va tout bouleverser. À moins que ce ne soit l'arrivée à Gotham de Bane, terroriste masqué, qui compte bien arracher Bruce à l'exil qu'il s'est imposé. Pourtant, même si ce dernier est prêt à endosser de nouveau la cape et le casque du Chevalier Noir, Batman n'est peut-être plus de taille à affronter Bane…",USA,artist:266,Nolan,Christopher,1970,artist:22,Morgan,Freeman,1937,Lucius Fox,artist:116,Gary,Oldman,1958,Commissioner Gordon,artist:268,Anne,Hathaway,1982,Selina,artist:269,Michael,Caine,1933,Alfred,artist:271,Marion,Cotillard,1975,Miranda,artist:274,Christian,Bale,1974,Bruce Wayne / Batman,,,,,,,,,,,,,,,
movie:91,Un prophète,2009,drama,"Condamné à six ans de prison, Malik El Djebena ne sait ni lire, ni écrire. A son arrivée en Centrale, seul au monde, il paraît plus jeune, plus fragile que les autres détenus. Il a 19 ans.D'emblée, il tombe sous la coupe d'un groupe de prisonniers corses qui fait régner sa loi dans la prison. Le jeune homme apprend vite. Au fil des "" missions "", il s'endurcit et gagne la confiance des Corses.Mais, très vite, Malik utilise toute son intelligence pour développer discrètement son propre réseau...",FR,artist:278,Audiard,Jacques,1952,artist:279,Tahar,Rahim,1981,Malik El Djebena ,artist:280,Niels,Arestrup,1949,César Luciani,,,,,,,,,,,,,,,,,,,,,,,,,,,,,,,,,,,
movie:92,Nous trois ou rien,2015,drama,"D’un petit village du sud de l’Iran aux cités parisiennes, Kheiron nous raconte le destin hors du commun de ses parents Hibat et Fereshteh, éternels optimistes, dans une comédie aux airs de conte universel qui évoque l’amour familial, le don de soi et surtout l’idéal d’un vivre-ensemble. ",FR,artist:281, Kheiron,Tabib,,,,,,,,,,,,,,,,,,,,,,,,,,,,,,,,,,,,,,,,,,,,,,
