[{"_id":"movie:1","box_office":6793686},{"_id":"movie:2","box_office":2233220},{"_id":"movie:3","box_office":5520584},{"_id":"movie:4","box_office":2027418},{"_id":"movie:5","box_office":2157647},{"_id":"movie:6","box_office":3882920},{"_id":"movie:7","box_office":5078937},{"_id":"movie:8","box_office":6452507},{"_id":"movie:9","box_office":4867067},{"_id":"movie:10","box_office":2123163},{"_id":"movie:11","box_office":6964761},{"_id":"movie:12","box_office":3955016},{"_id":"movie:13","box_office":3411135},{"_id":"movie:14","box_office":3252902},{"_id":"movie:15","box_office":6242048},{"_id":"movie:16","box_office":2118341},{"_id":"movie:17","box_office":4227796},{"_id":"movie:18","box_office":5782423},{"_id":"movie:19","box_office":3823878},{"_id":"movie:20","box_office":6822940},{"_id":"movie:21","box_office":5302871},{"_id":"movie:22","box_office":3459913},{"_id":"movie:23","box_office":2903919},{"_id":"movie:24","box_office":6061355},{"_id":"movie:25","box_office":3524997},{"_id":"movie:26","box_office":3671362},{"_id":"movie:27","box_office":6093304},{"_id":"movie:28","box_office":6215929},{"_id":"movie:29","box_office":4173383},{"_id":"movie:30","box_office":5479734},{"_id":"movie:31","box_office":2740793},{"_id":"movie:32","box_office":6378999},{"_id":"movie:33","box_office":3665675},{"_id":"movie:34","box_office":6649731},{"_id":"movie:35","box_office":4910674},{"_id":"movie:36","box_office":4439289},{"_id":"movie:37","box_office":5702418},{"_id":"movie:38","box_office":4783223},{"_id":"movie:39","box_office":2960379},{"_id":"movie:40","box_office":6568410},{"_id":"movie:41","box_office":5018268},{"_id":"movie:42","box_office":6446558},{"_id":"movie:43","box_office":3743605},{"_id":"movie:44","box_office":2792940},{"_id":"movie:45","box_office":2152951},{"_id":"movie:46","box_office":4250122},{"_id":"movie:47","box_office":2583846},{"_id":"movie:48","box_office":5464792},{"_id":"movie:49","box_office":6036951},{"_id":"movie:50","box_office":2416660},{"_id":"movie:51","box_office":4252505},{"_id":"movie:52","box_office":5255271},{"_id":"movie:53","box_office":4227848},{"_id":"movie:54","box_office":4795559},{"_id":"movie:55","box_office":4434096},{"_id":"movie:56","box_office":5061739},{"_id":"movie:57","box_office":4556161},{"_id":"movie:58","box_office":6566905},{"_id":"movie:59","box_office":2390796},{"_id":"movie:60","box_office":6913073},{"_id":"movie:61","box_office":5171063},{"_id":"movie:62","box_office":4788378},{"_id":"movie:63","box_office":3717255},{"_id":"movie:64","box_office":2927540},{"_id":"movie:67","box_office":2832231},{"_id":"movie:68","box_office":6940601},{"_id":"movie:69","box_office":3329335},{"_id":"movie:70","box_office":3852872},{"_id":"movie:71","box_office":3174077},{"_id":"movie:72","box_office":4785286},{"_id":"movie:73","box_office":4415303},{"_id":"movie:74","box_office":3979683},{"_id":"movie:76","box_office":4766950},{"_id":"movie:77","box_office":2439183},{"_id":"movie:78","box_office":5965878},{"_id":"movie:79","box_office":5304181},{"_id":"movie:80","box_office":3668149},{"_id":"movie:81","box_office":6054804},{"_id":"movie:82","box_office":5780243},{"_id":"movie:84","box_office":3763077},{"_id":"movie:85","box_office":4597085},{"_id":"movie:86","box_office":5191807},{"_id":"movie:87","box_office":2755138},{"_id":"movie:88","box_office":4434835},{"_id":"movie:89","box_office":5594217},{"_id":"movie:90","box_office":2910636},{"_id":"movie:91","box_office":5635560},{"_id":"movie:92","box_office":6171466}]