film_title,film_id,category_name
ACADEMY DINOSAUR,1,Documentary
ADAPTATION HOLES,3,Documentary
AFFAIR PREJUDICE,4,Horror
AFRICAN EGG,5,Family
AGENT TRUMAN,6,Foreign
AIRPLANE SIERRA,7,Comedy
AIRPORT POLLOCK,8,Horror
ALABAMA DEVIL,9,Horror
ALADDIN CALENDAR,10,Sports
ALAMO VIDEOTAPE,11,Foreign
ALASKA PHANTOM,12,Music
ALI FOREVER,13,Horror
ALICE FANTASIA,14,Classics
ALIEN CENTER,15,Foreign
ALLEY EVOLUTION,16,Foreign
ALONE TRIP,17,Music
ALTER VICTORY,18,Animation
AMADEUS HOLY,19,Action
AMELIE HELLFIGHTERS,20,Music
AMERICAN CIRCUS,21,Action
AMISTAD MIDSUMMER,22,New
ANACONDA CONFESSIONS,23,Animation
ANALYZE HOOSIERS,24,Horror
ANGELS LIFE,25,New
ANNIE IDENTITY,26,Sci-Fi
ANONYMOUS HUMAN,27,Sports
ANTHEM LUKE,28,Comedy
ANTITRUST TOMATOES,29,Action
ANYTHING SAVANNAH,30,Horror
APACHE DIVINE,31,Family
APOCALYPSE FLAMINGOS,32,New
APOLLO TEEN,33,Drama
ARABIA DOGMA,34,Horror
ARACHNOPHOBIA ROLLERCOASTER,35,Horror
ARGONAUTS TOWN,36,Animation
ARIZONA BANG,37,Classics
ARK RIDGEMONT,38,Action
ARMAGEDDON LOST,39,Sci-Fi
ARMY FLINTSTONES,40,Documentary
ARSENIC INDEPENDENCE,41,Travel
ARTIST COLDBLOODED,42,Sports
ATLANTIS CAUSE,43,Family
ATTACKS HATE,44,Sci-Fi
ATTRACTION NEWTON,45,New
AUTUMN CROW,46,Games
BABY HALL,47,Foreign
BACKLASH UNDEFEATED,48,Children
BADMAN DAWN,49,Sci-Fi
BAKED CLEOPATRA,50,Family
BALLOON HOMEWARD,51,Music
BALLROOM MOCKINGBIRD,52,Foreign
BANG KWAI,53,Family
BANGER PINOCCHIO,54,Music
BARBARELLA STREETCAR,55,Sci-Fi
BAREFOOT MANCHURIAN,56,Action
BASIC EASY,57,Travel
BEACH HEARTBREAKERS,58,Documentary
BEAR GRACELAND,59,Children
BEAST HUNCHBACK,60,Classics
BEAUTY GREASE,61,Drama
BED HIGHBALL,62,Documentary
BEDAZZLED MARRIED,63,Family
BEETHOVEN EXORCIST,64,Drama
BEHAVIOR RUNAWAY,65,Horror
BENEATH RUSH,66,Children
BERETS AGENT,67,Action
BETRAYED REAR,68,Children
BEVERLY OUTLAW,69,Sci-Fi
BIKINI BORROWERS,70,Animation
BILKO ANONYMOUS,71,Family
BILL OTHERS,72,Documentary
BINGO TALENTED,73,Sci-Fi
BIRCH ANTITRUST,74,Music
BIRD INDEPENDENCE,75,Travel
BIRDCAGE CASPER,76,Music
BIRDS PERDITION,77,New
BLACKOUT PRIVATE,78,Animation
BLADE POLISH,79,Drama
BLANKET BEVERLY,80,Family
BLINDNESS GUN,81,Sci-Fi
BLOOD ARGONAUTS,82,Family
BLUES INSTINCT,83,Family
BOILED DARES,84,Travel
BONNIE HOLOCAUST,85,Documentary
BOOGIE AMELIE,86,Music
BOONDOCK BALLROOM,87,Travel
BORN SPINAL,88,Travel
BORROWERS BEDAZZLED,89,Animation
BOULEVARD MOB,90,New
BOUND CHEAPER,91,Classics
BOWFINGER GABLES,92,Horror
BRANNIGAN SUNRISE,93,New
BRAVEHEART HUMAN,94,Family
BREAKFAST GOLDFINGER,95,New
BREAKING HOME,96,New
BRIDE INTRIGUE,97,Action
BRIGHT ENCOUNTERS,98,Drama
BRINGING HYSTERICAL,99,Comedy
BROOKLYN DESERT,100,Foreign
BROTHERHOOD BLANKET,101,Documentary
BUBBLE GROSSE,102,Sports
BUCKET BROTHERHOOD,103,Travel
BUGSY SONG,104,Foreign
BULL SHAWSHANK,105,Action
BULWORTH COMMANDMENTS,106,Games
BUNCH MINDS,107,Drama
BUTCH PANTHER,108,New
BUTTERFLY CHOCOLAT,109,New
CABIN FLASH,110,Children
CADDYSHACK JEDI,111,Action
CALENDAR GUNFIGHT,112,Foreign
CALIFORNIA BIRDS,113,Sports
CAMELOT VACATION,114,Sci-Fi
CAMPUS REMEMBER,115,Action
CANDIDATE PERDITION,116,Classics
CANDLES GRAPES,117,Games
CANYON STOCK,118,Animation
CAPER MOTIONS,119,Comedy
CARIBBEAN LIBERTY,120,Sports
CAROL TEXAS,121,Animation
CARRIE BUNCH,122,Horror
CASABLANCA SUPER,123,Travel
CASPER DRAGONFLY,124,Children
CASSIDY WYOMING,125,Travel
CASUALTIES ENCINO,126,Action
CAT CONEHEADS,127,Comedy
CATCH AMISTAD,128,Foreign
CAUSE DATE,129,Documentary
CELEBRITY HORN,130,Action
CENTER DINOSAUR,131,Classics
CHAINSAW UPTOWN,132,Sci-Fi
CHAMBER ITALIAN,133,Music
CHAMPION FLATLINERS,134,Animation
CHANCE RESURRECTION,135,Sports
CHAPLIN LICENSE,136,New
CHARADE DUFFEL,137,Sci-Fi
CHARIOTS CONSPIRACY,138,Sci-Fi
CHASING FIGHT,139,Family
CHEAPER CLYDE,140,Sci-Fi
CHICAGO NORTH,141,Games
CHICKEN HELLFIGHTERS,142,Documentary
CHILL LUCK,143,Drama
CHINATOWN GLADIATOR,144,New
CHISUM BEHAVIOR,145,Family
CHITTY LOCK,146,Drama
CHOCOLAT HARRY,147,Family
CHOCOLATE DUCK,148,Foreign
CHRISTMAS MOONSHINE,149,Children
CIDER DESIRE,150,Documentary
CINCINATTI WHISPERER,151,Sci-Fi
CIRCUS YOUTH,152,Children
CITIZEN SHREK,153,Sci-Fi
CLASH FREDDY,154,Animation
CLEOPATRA DEVIL,155,New
CLERKS ANGELS,156,Documentary
CLOCKWORK PARADISE,157,Children
CLONES PINOCCHIO,158,Music
CLOSER BANG,159,Comedy
CLUB GRAFFITI,160,Animation
CLUE GRAIL,161,Music
CLUELESS BUCKET,162,Action
CLYDE THEORY,163,New
COAST RAINBOW,164,Documentary
COLDBLOODED DARLING,165,Sci-Fi
COLOR PHILADELPHIA,166,Classics
COMA HEAD,167,Travel
COMANCHEROS ENEMY,168,Children
COMFORTS RUSH,169,Travel
COMMAND DARLING,170,Foreign
COMMANDMENTS EXPRESS,171,Horror
CONEHEADS SMOOCHY,172,Drama
CONFESSIONS MAGUIRE,173,Drama
CONFIDENTIAL INTERVIEW,174,Music
CONFUSED CANDLES,175,Family
CONGENIALITY QUEST,176,Sports
CONNECTICUT TRAMP,177,Sci-Fi
CONNECTION MICROCOSMOS,178,Comedy
CONQUERER NUTS,179,Drama
CONSPIRACY SPIRIT,180,Classics
CONTACT ANONYMOUS,181,Travel
CONTROL ANTHEM,182,Comedy
CONVERSATION DOWNHILL,183,Family
CORE SUIT,184,Classics
COWBOY DOOM,185,Foreign
CRAFT OUTFIELD,186,Drama
CRANES RESERVOIR,187,Sports
CRAZY HOME,188,Comedy
CREATURES SHAKESPEARE,189,Games
CREEPERS KANE,190,Classics
CROOKED FROGMEN,191,Children
CROSSING DIVORCE,192,Foreign
CROSSROADS CASUALTIES,193,Animation
CROW GREASE,194,Action
CROWDS TELEMARK,195,Sci-Fi
CRUELTY UNFORGIVEN,196,Classics
CRUSADE HONEY,197,Sports
CRYSTAL BREAKING,198,Foreign
CUPBOARD SINNERS,199,Documentary
CURTAIN VIDEOTAPE,200,Games
CYCLONE FAMILY,201,Foreign
DADDY PITTSBURGH,202,Comedy
DAISY MENAGERIE,203,Sci-Fi
DALMATIONS SWEDEN,204,Drama
DANCES NONE,205,Action
DANCING FEVER,206,Documentary
DANGEROUS UPTOWN,207,Foreign
DARES PLUTO,208,Animation
DARKNESS WAR,209,Drama
DARKO DORADO,210,Action
DARLING BREAKING,211,Games
DARN FORRESTER,212,Action
DATE SPEED,213,Family
DAUGHTER MADIGAN,214,Children
DAWN POND,215,Games
DAY UNFAITHFUL,216,New
DAZED PUNK,217,Games
DECEIVER BETRAYED,218,Drama
DEEP CRUSADE,219,Documentary
DEER VIRGINIAN,220,Music
DELIVERANCE MULHOLLAND,221,Documentary
DESERT POSEIDON,222,Horror
DESIRE ALIEN,223,Animation
DESPERATE TRAINSPOTTING,224,Travel
DESTINATION JERK,225,Drama
DESTINY SATURDAY,226,New
DETAILS PACKER,227,Games
DETECTIVE VISION,228,Classics
DEVIL DESIRE,229,Action
DIARY PANIC,230,Drama
DINOSAUR SECRETARY,231,Family
DIRTY ACE,232,Games
DISCIPLE MOTHER,233,Travel
DISTURBING SCARFACE,234,Sci-Fi
DIVIDE MONSTER,235,Sci-Fi
DIVINE RESURRECTION,236,Games
DIVORCE SHINING,237,Sports
DOCTOR GRAIL,238,Children
DOGMA FAMILY,239,Animation
DOLLS RAGE,240,Sci-Fi
DONNIE ALLEY,241,Animation
DOOM DANCING,242,Comedy
DOORS PRESIDENT,243,Animation
DORADO NOTTING,244,Music
DOUBLE WRATH,245,Animation
DOUBTFIRE LABYRINTH,246,Foreign
DOWNHILL ENOUGH,247,Comedy
DOZEN LION,248,Documentary
DRACULA CRYSTAL,249,Classics
DRAGON SQUAD,250,Action
DRAGONFLY STRANGERS,251,New
DREAM PICKUP,252,Action
DRIFTER COMMANDMENTS,253,Action
DRIVER ANNIE,254,Sports
DRIVING POLISH,255,Music
DROP WATERFRONT,256,Sports
DRUMLINE CYCLONE,257,Travel
DRUMS DYNAMITE,258,Horror
DUCK RACER,259,Animation
DUDE BLINDNESS,260,Sports
DUFFEL APOCALYPSE,261,Documentary
DUMBO LUST,262,Family
DURHAM PANKY,263,Sports
DWARFS ALTER,264,Games
DYING MAKER,265,Comedy
DYNAMITE TARZAN,266,Classics
EAGLES PANKY,267,New
EARLY HOME,268,Animation
EARRING INSTINCT,269,Family
EARTH VISION,270,New
EASY GLADIATOR,271,Action
EDGE KISSING,272,Drama
EFFECT GLADIATOR,273,Family
EGG IGBY,274,Documentary
EGYPT TENENBAUMS,275,Horror
ELEMENT FREDDY,276,Comedy
ELEPHANT TROJAN,277,Horror
ELF MURDER,278,Music
ELIZABETH SHANE,279,Sports
EMPIRE MALKOVICH,280,Children
ENCINO ELF,281,Games
ENCOUNTERS CURTAIN,282,Drama
ENDING CROWDS,283,New
ENEMY ODDS,284,Music
ENGLISH BULWORTH,285,Sci-Fi
ENOUGH RAGING,286,Travel
ENTRAPMENT SATISFACTION,287,Action
ESCAPE METROPOLIS,288,Travel
EVE RESURRECTION,289,New
EVERYONE CRAFT,290,Foreign
EVOLUTION ALTER,291,Sports
EXCITEMENT EVE,292,Action
EXORCIST STING,293,Sports
EXPECATIONS NATURAL,294,Travel
EXPENDABLE STALLION,295,Documentary
EXPRESS LONELY,296,Sci-Fi
EXTRAORDINARY CONQUERER,297,Classics
EYES DRIVING,298,Sci-Fi
FACTORY DRAGON,299,Travel
FALCON VOLUME,300,Animation
FAMILY SWEET,301,Horror
FANTASIA PARK,302,Games
FANTASY TROOPERS,303,Action
FARGO GANDHI,304,Children
FATAL HAUNTED,305,New
FEATHERS METAL,306,Games
FELLOWSHIP AUTUMN,307,Travel
FERRIS MOTHER,308,Comedy
FEUD FROGMEN,309,Family
FEVER EMPIRE,310,Games
FICTION CHRISTMAS,311,Foreign
FIDDLER LOST,312,Sci-Fi
FIDELITY DEVIL,313,Horror
FIGHT JAWBREAKER,314,Animation
FINDING ANACONDA,315,Family
FIRE WOLVES,316,Games
FIREBALL PHILADELPHIA,317,Comedy
FIREHOUSE VIETNAM,318,Action
FISH OPUS,319,Sci-Fi
FLAMINGOS CONNECTICUT,320,New
FLASH WARS,321,New
FLATLINERS KILLER,322,Sports
FLIGHT LIES,323,Sports
FLINTSTONES HAPPINESS,324,Comedy
FLOATS GARDEN,325,Animation
FLYING HOOK,326,Animation
FOOL MOCKINGBIRD,327,Action
FOREVER CANDIDATE,328,Children
FORREST SONS,329,Action
FORRESTER COMANCHEROS,330,Animation
FORWARD TEMPLE,331,Games
FRANKENSTEIN STRANGER,332,Comedy
FREAKY POCUS,333,Music
FREDDY STORM,334,Horror
FREEDOM CLEOPATRA,335,Comedy
FRENCH HOLIDAY,336,Documentary
FRIDA SLIPPER,337,Foreign
FRISCO FORREST,338,Sci-Fi
FROGMEN BREAKING,339,Travel
FRONTIER CABIN,340,New
FROST HEAD,341,Classics
FUGITIVE MAGUIRE,342,Travel
FULL FLATLINERS,343,Children
FURY MURDER,344,Children
GABLES METROPOLIS,345,Family
GALAXY SWEETHEARTS,346,Classics
GAMES BOWFINGER,347,Travel
GANDHI KWAI,348,Family
GANGS PRIDE,349,Animation
GARDEN ISLAND,350,Sci-Fi
GASLIGHT CRUSADE,351,Horror
GATHERING CALENDAR,352,Games
GENTLEMEN STAGE,353,Foreign
GHOST GROUNDHOG,354,Children
GHOSTBUSTERS ELF,355,Animation
GIANT TROOPERS,356,Children
GILBERT PELICAN,357,Classics
GILMORE BOILED,358,Classics
GLADIATOR WESTWARD,359,Family
GLASS DYING,360,Action
GLEAMING JAWBREAKER,361,Sports
GLORY TRACY,362,Games
GO PURPLE,363,Music
GODFATHER DIARY,364,New
GOLD RIVER,365,Comedy
GOLDFINGER SENSIBILITY,366,Drama
GOLDMINE TYCOON,367,Sci-Fi
GONE TROUBLE,368,Drama
GOODFELLAS SALUTE,369,Sci-Fi
GORGEOUS BINGO,370,Children
GOSFORD DONNIE,371,Action
GRACELAND DYNAMITE,372,Sports
GRADUATE LORD,373,Children
GRAFFITI LOVE,374,Sci-Fi
GRAIL FRANKENSTEIN,375,Action
GRAPES FURY,376,Foreign
GREASE YOUTH,377,Family
GREATEST NORTH,378,Music
GREEDY ROOTS,379,Drama
GREEK EVERYONE,380,Foreign
GRINCH MASSAGE,381,Games
GRIT CLOCKWORK,382,Games
GROOVE FICTION,383,Sports
GROSSE WONDERFUL,384,Music
GROUNDHOG UNCUT,385,Comedy
GUMP DATE,386,Travel
GUN BONNIE,387,Games
GUNFIGHT MOON,388,Comedy
GUNFIGHTER MUSSOLINI,389,Sports
GUYS FALCON,390,Sci-Fi
HALF OUTFIELD,391,Family
HALL CASSIDY,392,Children
HALLOWEEN NUTS,393,Documentary
HAMLET WISDOM,394,Sci-Fi
HANDICAP BOONDOCK,395,Action
HANGING DEEP,396,Drama
HANKY OCTOBER,397,Sci-Fi
HANOVER GALAXY,398,Music
HAPPINESS UNITED,399,Foreign
HARDLY ROBBERS,400,Documentary
HAROLD FRENCH,401,Drama
HARPER DYING,402,Animation
HARRY IDAHO,403,Drama
HATE HANDICAP,404,Comedy
HAUNTED ANTITRUST,405,Travel
HAUNTING PIANIST,406,Games
HAWK CHILL,407,Documentary
HEAD STRANGER,408,Games
HEARTBREAKERS BRIGHT,409,Children
HEAVEN FREEDOM,410,Comedy
HEAVENLY GUN,411,Music
HEAVYWEIGHTS BEAST,412,Documentary
HEDWIG ALTER,413,Comedy
HELLFIGHTERS SIERRA,414,Foreign
HIGH ENCINO,415,Horror
HIGHBALL POTTER,416,Foreign
HILLS NEIGHBORS,417,Action
HOBBIT ALIEN,418,Drama
HOCUS FRIDA,419,Family
HOLES BRANNIGAN,420,Sports
HOLIDAY GAMES,421,Foreign
HOLLOW JEOPARDY,422,Sci-Fi
HOLLYWOOD ANONYMOUS,423,Children
HOLOCAUST HIGHBALL,424,Children
HOLY TADPOLE,425,Classics
HOME PITY,426,Music
HOMEWARD CIDER,427,Documentary
HOMICIDE PEACH,428,Family
HONEY TIES,429,Sports
HOOK CHARIOTS,430,Animation
HOOSIERS BIRDCAGE,431,Foreign
HOPE TOOTSIE,432,Classics
HORN WORKING,433,Animation
HORROR REIGN,434,Travel
HOTEL HAPPINESS,435,Foreign
HOURS RAGE,436,New
HOUSE DYNAMITE,437,Family
HUMAN GRAFFITI,438,Games
HUNCHBACK IMPOSSIBLE,439,Drama
HUNGER ROOF,440,Foreign
HUNTER ALTER,441,Documentary
HUNTING MUSKETEERS,442,Family
HURRICANE AFFAIR,443,Comedy
HUSTLER PARTY,444,Comedy
HYDE DOCTOR,445,Classics
HYSTERICAL GRAIL,446,Sports
ICE CROSSING,447,Games
IDAHO LOVE,448,New
IDENTITY LOVER,449,Sci-Fi
IDOLS SNATCHERS,450,Children
IGBY MAKER,451,Travel
ILLUSION AMELIE,452,Foreign
IMAGE PRINCESS,453,Sports
IMPACT ALADDIN,454,Music
IMPOSSIBLE PREJUDICE,455,Foreign
INCH JET,456,Animation
INDEPENDENCE HOTEL,457,Documentary
INDIAN LOVE,458,Family
INFORMER DOUBLE,459,Foreign
INNOCENT USUAL,460,Foreign
INSECTS STONE,461,Animation
INSIDER ARIZONA,462,Music
INSTINCT AIRPORT,463,Sports
INTENTIONS EMPIRE,464,Animation
INTERVIEW LIAISONS,465,New
INTOLERABLE INTENTIONS,466,Documentary
INTRIGUE WORST,467,Foreign
INVASION CYCLONE,468,Children
IRON MOON,469,Classics
ISHTAR ROCKETEER,470,Animation
ISLAND EXORCIST,471,Classics
ITALIAN AFRICAN,472,Travel
JACKET FRISCO,473,Drama
JADE BUNCH,474,Sports
JAPANESE RUN,475,Horror
JASON TRAP,476,Family
JAWBREAKER BROOKLYN,477,Music
JAWS HARRY,478,Comedy
JEDI BENEATH,479,Family
JEEPERS WEDDING,480,Classics
JEKYLL FROGMEN,481,New
JEOPARDY ENCINO,482,Classics
JERICHO MULAN,483,Games
JERK PAYCHECK,484,Classics
JERSEY SASSY,485,Children
JET NEIGHBORS,486,Foreign
JINGLE SAGEBRUSH,487,Classics
JOON NORTHWEST,488,Sports
JUGGLER HARDLY,489,Animation
JUMANJI BLADE,490,New
JUMPING WRATH,491,Children
JUNGLE CLOSER,492,New
KANE EXORCIST,493,Foreign
KARATE MOON,494,Horror
KENTUCKIAN GIANT,495,Horror
KICK SAVANNAH,496,Travel
KILL BROTHERHOOD,497,Documentary
KILLER INNOCENT,498,Family
KING EVOLUTION,499,Family
KISS GLORY,500,Foreign
KISSING DOLLS,501,Action
KNOCK WARLOCK,502,Comedy
KRAMER CHOCOLATE,503,Sports
KWAI HOMEWARD,504,Drama
LABYRINTH LEAGUE,505,Children
LADY STAGE,506,Horror
LADYBUGS ARMAGEDDON,507,Games
LAMBS CINCINATTI,508,Games
LANGUAGE COWBOY,509,Children
LAWLESS VISION,510,Animation
LAWRENCE LOVE,511,Action
LEAGUE HELLFIGHTERS,512,Classics
LEATHERNECKS DWARFS,513,Travel
LEBOWSKI SOLDIERS,514,Drama
LEGALLY SECRETARY,515,Children
LEGEND JEDI,516,Music
LESSON CLEOPATRA,517,Sports
LIAISONS SWEET,518,Travel
LIBERTY MAGNIFICENT,519,Sports
LICENSE WEEKEND,520,Sci-Fi
LIES TREATMENT,521,Drama
LIFE TWISTED,522,Comedy
LIGHTS DEER,523,Classics
LION UNCUT,524,Comedy
LOATHING LEGALLY,525,Classics
LOCK REAR,526,Travel
LOLA AGENT,527,Horror
LOLITA WORLD,528,Family
LONELY ELEPHANT,529,Comedy
LORD ARIZONA,530,Action
LOSE INCH,531,Foreign
LOSER HUSTLER,532,Sports
LOST BIRD,533,Foreign
LOUISIANA HARRY,534,Family
LOVE SUICIDES,535,Horror
LOVELY JINGLE,536,Classics
LOVER TRUMAN,537,Classics
LOVERBOY ATTACKS,538,New
LUCK OPUS,539,Drama
LUCKY FLYING,540,Music
LUKE MUMMY,541,Animation
LUST LOCK,542,Action
MADIGAN DORADO,543,Travel
MADISON TRAP,544,Documentary
MADNESS ATTACKS,545,Foreign
MADRE GABLES,546,Games
MAGIC MALLRATS,547,Children
MAGNIFICENT CHITTY,548,Classics
MAGNOLIA FORRESTER,549,Action
MAGUIRE APACHE,550,Family
MAIDEN HOME,551,New
MAJESTIC FLOATS,552,Documentary
MAKER GABLES,553,Children
MALKOVICH PET,554,Classics
MALLRATS UNITED,555,Comedy
MALTESE HOPE,556,Games
MANCHURIAN CURTAIN,557,Family
MANNEQUIN WORST,558,New
MARRIED GO,559,Sci-Fi
MARS ROMAN,560,Games
MASK PEACH,561,New
MASKED BUBBLE,562,Music
MASSACRE USUAL,563,Games
MASSAGE IMAGE,564,Animation
MATRIX SNOWMAN,565,Foreign
MAUDE MOD,566,Foreign
MEET CHOCOLATE,567,Foreign
MEMENTO ZOOLANDER,568,Comedy
MENAGERIE RUSHMORE,569,Animation
MERMAID INSECTS,570,Sports
METAL ARMAGEDDON,571,Documentary
METROPOLIS COMA,572,Sci-Fi
MICROCOSMOS PARADISE,573,Children
MIDNIGHT WESTWARD,574,Action
MIDSUMMER GROUNDHOG,575,Documentary
MIGHTY LUCK,576,Documentary
MILE MULAN,577,Sports
MILLION ACE,578,Classics
MINDS TRUMAN,579,Action
MINE TITANS,580,New
MINORITY KISS,581,Music
MIRACLE VIRTUAL,582,Animation
MISSION ZOOLANDER,583,Animation
MIXED DOORS,584,Foreign
MOB DUFFEL,585,Drama
MOCKINGBIRD HOLLYWOOD,586,Action
MOD SECRETARY,587,Documentary
MODEL FISH,588,Children
MODERN DORADO,589,Documentary
MONEY HAROLD,590,New
MONSOON CAUSE,591,Games
MONSTER SPARTACUS,592,Music
MONTEREY LABYRINTH,593,Horror
MONTEZUMA COMMAND,594,Action
MOON BUNCH,595,Foreign
MOONSHINE CABIN,596,Games
MOONWALKER FOOL,597,Games
MOSQUITO ARMAGEDDON,598,Sports
MOTHER OLEANDER,599,Sports
MOTIONS DETAILS,600,Horror
MOULIN WAKE,601,Travel
MOURNING PURPLE,602,Sci-Fi
MOVIE SHAKESPEARE,603,Family
MULAN MOON,604,Comedy
MULHOLLAND BEAST,605,Foreign
MUMMY CREATURES,606,Sports
MUPPET MILE,607,Foreign
MURDER ANTITRUST,608,Children
MUSCLE BRIGHT,609,Travel
MUSIC BOONDOCK,610,Family
MUSKETEERS WAIT,611,Classics
MUSSOLINI SPOILERS,612,Sports
MYSTIC TRUMAN,613,Comedy
NAME DETECTIVE,614,Games
NASH CHOCOLAT,615,Animation
NATIONAL STORY,616,Documentary
NATURAL STOCK,617,Family
NECKLACE OUTBREAK,618,Drama
NEIGHBORS CHARADE,619,Sports
NEMO CAMPUS,620,Sci-Fi
NETWORK PEAK,621,Family
NEWSIES STORY,622,Documentary
NEWTON LABYRINTH,623,Foreign
NIGHTMARE CHILL,624,Games
NONE SPIKING,625,Sci-Fi
NOON PAPI,626,Children
NORTH TEQUILA,627,Documentary
NORTHWEST POLISH,628,Sports
NOTORIOUS REUNION,629,Documentary
NOTTING SPEAKEASY,630,Drama
NOVOCAINE FLIGHT,631,Sports
NUTS TIES,632,New
OCTOBER SUBMARINE,633,Classics
ODDS BOOGIE,634,Family
OKLAHOMA JUMANJI,635,New
OLEANDER CLUE,636,Music
OPEN AFRICAN,637,Sci-Fi
OPERATION OPERATION,638,Comedy
OPPOSITE NECKLACE,639,Family
OPUS ICE,640,Foreign
ORANGE GRAPES,641,Foreign
ORDER BETRAYED,642,Travel
ORIENT CLOSER,643,Drama
OSCAR GOLD,644,Animation
OTHERS SOUP,645,Travel
OUTBREAK DIVINE,646,Games
OUTFIELD MASSACRE,647,Music
OUTLAW HANKY,648,Travel
OZ LIAISONS,649,Animation
PACIFIC AMISTAD,650,Documentary
PACKER MADIGAN,651,Animation
PAJAMA JAWBREAKER,652,Classics
PANIC CLUB,653,Horror
PANKY SUBMARINE,654,Games
PANTHER REDS,655,Sci-Fi
PAPI NECKLACE,656,Travel
PARADISE SABRINA,657,Comedy
PARIS WEEKEND,658,Horror
PARK CITIZEN,659,Action
PARTY KNOCK,660,Comedy
PAST SUICIDES,661,Foreign
PATHS CONTROL,662,Drama
PATIENT SISTER,663,Classics
PATRIOT ROMAN,664,Action
PATTON INTERVIEW,665,Horror
PAYCHECK WAIT,666,Drama
PEACH INNOCENT,667,Sports
PEAK FOREVER,668,Sports
PEARL DESTINY,669,Foreign
PELICAN COMFORTS,670,Documentary
PERDITION FARGO,671,Sports
PERFECT GROOVE,672,Comedy
PERSONAL LADYBUGS,673,Music
PET HAUNTING,674,Foreign
PHANTOM GLORY,675,New
PHILADELPHIA WIFE,676,Sports
PIANIST OUTFIELD,677,New
PICKUP DRIVING,678,Sports
PILOT HOOSIERS,679,Family
PINOCCHIO SIMON,680,Comedy
PIRATES ROXANNE,681,Sports
PITTSBURGH HUNCHBACK,682,Family
PITY BOUND,683,Drama
PIZZA JUMANJI,684,Games
PLATOON INSTINCT,685,New
PLUTO OLEANDER,686,New
POCUS PULP,687,Documentary
POLISH BROOKLYN,688,Children
POLLOCK DELIVERANCE,689,Foreign
POND SEATTLE,690,Animation
POSEIDON FOREVER,691,Sports
POTLUCK MIXED,692,Animation
POTTER CONNECTICUT,693,Animation
PREJUDICE OLEANDER,694,Classics
PRESIDENT BANG,695,Family
PRIDE ALAMO,696,Animation
PRIMARY GLASS,697,Action
PRINCESS GIANT,698,Documentary
PRIVATE DROP,699,Games
PRIX UNDEFEATED,700,Family
PSYCHO SHRUNK,701,Games
PULP BEVERLY,702,Horror
PUNK DIVORCE,703,Animation
PURE RUNNER,704,Comedy
PURPLE MOVIE,705,Foreign
QUEEN LUKE,706,Drama
QUEST MUSSOLINI,707,Action
QUILLS BULL,708,Documentary
RACER EGG,709,Drama
RAGE GAMES,710,Family
RAGING AIRPLANE,711,Sci-Fi
RAIDERS ANTITRUST,712,Documentary
RAINBOW SHOCK,713,Documentary
RANDOM GO,714,Sci-Fi
RANGE MOONWALKER,715,Family
REAP UNFAITHFUL,716,Horror
REAR TRADING,717,Action
REBEL AIRPORT,718,Music
RECORDS ZORRO,719,Sports
REDEMPTION COMFORTS,720,New
REDS POCUS,721,Music
REEF SALUTE,722,Horror
REIGN GENTLEMEN,723,Sci-Fi
REMEMBER DIARY,724,Family
REQUIEM TYCOON,725,Classics
RESERVOIR ADAPTATION,726,Foreign
RESURRECTION SILVERADO,727,Family
REUNION WITCHES,728,Drama
RIDER CADDYSHACK,729,Sports
RIDGEMONT SUBMARINE,730,New
RIGHT CRANES,731,Classics
RINGS HEARTBREAKERS,732,Action
RIVER OUTLAW,733,Sports
ROAD ROXANNE,734,Documentary
ROBBERS JOON,735,Children
ROBBERY BRIGHT,736,Family
ROCK INSTINCT,737,Horror
ROCKETEER MOTHER,738,Foreign
ROCKY WAR,739,Drama
ROLLERCOASTER BRINGING,740,Horror
ROMAN PUNK,741,Music
ROOF CHAMPION,742,Games
ROOM ROMAN,743,Animation
ROOTS REMEMBER,744,Classics
ROSES TREASURE,745,Sports
ROUGE SQUAD,746,Games
ROXANNE REBEL,747,Games
RUGRATS SHAKESPEARE,748,Action
RULES HUMAN,749,Horror
RUN PACIFIC,750,New
RUNAWAY TENENBAUMS,751,New
RUNNER MADIGAN,752,Music
RUSH GOODFELLAS,753,Family
RUSHMORE MERMAID,754,Comedy
SABRINA MIDNIGHT,755,Children
SADDLE ANTITRUST,756,Comedy
SAGEBRUSH CLUELESS,757,Documentary
SAINTS BRIDE,758,Drama
SALUTE APOLLO,759,New
SAMURAI LION,760,New
SANTA PARIS,761,Children
SASSY PACKER,762,Games
SATISFACTION CONFIDENTIAL,763,Sports
SATURDAY LAMBS,764,Sports
SATURN NAME,765,Comedy
SAVANNAH TOWN,766,Drama
SCALAWAG DUCK,767,Music
SCARFACE BANG,768,Children
SCHOOL JACKET,769,Foreign
SCISSORHANDS SLUMS,770,Foreign
SCORPION APOLLO,771,Drama
SEA VIRGIN,772,Drama
SEABISCUIT PUNK,773,Sports
SEARCHERS WAIT,774,Comedy
SEATTLE EXPECATIONS,775,Drama
SECRET GROUNDHOG,776,Documentary
SECRETARY ROUGE,777,Sports
SECRETS PARADISE,778,Family
SENSE GREEK,779,Sports
SENSIBILITY REAR,780,Family
SEVEN SWARM,781,Games
SHAKESPEARE SADDLE,782,Sports
SHANE DARKNESS,783,Travel
SHANGHAI TYCOON,784,Travel
SHAWSHANK BUBBLE,785,Travel
SHEPHERD MIDSUMMER,786,Children
SHINING ROSES,787,Travel
SHIP WONDERLAND,788,Documentary
SHOCK CABIN,789,Foreign
SHOOTIST SUPERFLY,790,Drama
SHOW LORD,791,Documentary
SHREK LICENSE,792,Foreign
SHRUNK DIVINE,793,Action
SIDE ARK,794,Action
SIEGE MADRE,795,Family
SIERRA DIVIDE,796,Sports
SILENCE KANE,797,Music
SILVERADO GOLDFINGER,798,Sci-Fi
SIMON NORTH,799,Horror
SINNERS ATLANTIS,800,Horror
SISTER FREDDY,801,Children
SKY MIRACLE,802,Action
SLACKER LIAISONS,803,Drama
SLEEPING SUSPECTS,804,Horror
SLEEPLESS MONSOON,805,Animation
SLEEPY JAPANESE,806,New
SLEUTH ORIENT,807,Games
SLING LUKE,808,Classics
SLIPPER FIDELITY,809,Sports
SLUMS DUCK,810,Family
SMILE EARRING,811,Travel
SMOKING BARBARELLA,812,Documentary
SMOOCHY CONTROL,813,Sports
SNATCH SLIPPER,814,Comedy
SNATCHERS MONTEZUMA,815,Classics
SNOWMAN ROLLERCOASTER,816,Animation
SOLDIERS EVOLUTION,817,Sci-Fi
SOMETHING DUCK,818,Drama
SONG HEDWIG,819,Music
SONS INTERVIEW,820,Animation
SORORITY QUEEN,821,Foreign
SOUP WISDOM,822,Family
SOUTH WAIT,823,Action
SPARTACUS CHEAPER,824,Family
SPEAKEASY DATE,825,Action
SPEED SUIT,826,Travel
SPICE SORORITY,827,Drama
SPIKING ELEMENT,828,Classics
SPINAL ROCKY,829,Family
SPIRIT FLINTSTONES,830,Horror
SPIRITED CASUALTIES,831,Sci-Fi
SPLASH GUMP,832,Family
SPLENDOR PATTON,833,Children
SPOILERS HELLFIGHTERS,834,Documentary
SPY MILE,835,Games
SQUAD FISH,836,Sports
STAGE WORLD,837,Comedy
STAGECOACH ARMAGEDDON,838,Action
STALLION SUNDANCE,839,Sci-Fi
STAMPEDE DISTURBING,840,Games
STAR OPERATION,841,Sports
STATE WASTELAND,842,Games
STEEL SANTA,843,Classics
STEERS ARMAGEDDON,844,Sports
STEPMOM DREAM,845,Foreign
STING PERSONAL,846,New
STOCK GLASS,847,New
STONE FIRE,848,Travel
STORM HAPPINESS,849,Animation
STORY SIDE,850,Action
STRAIGHT HOURS,851,Sports
STRANGELOVE DESIRE,852,Children
STRANGER STRANGERS,853,Children
STRANGERS GRAFFITI,854,Horror
STREAK RIDGEMONT,855,Documentary
STREETCAR INTENTIONS,856,Horror
STRICTLY SCARFACE,857,Comedy
SUBMARINE BED,858,Comedy
SUGAR WONKA,859,Animation
SUICIDES SILENCE,860,Sci-Fi
SUIT WALLS,861,Games
SUMMER SCARFACE,862,Classics
SUN CONFESSIONS,863,Sci-Fi
SUNDANCE INVASION,864,Children
SUNRISE LEAGUE,865,Animation
SUNSET RACER,866,Family
SUPER WYOMING,867,Family
SUPERFLY TRIP,868,Travel
SUSPECTS QUILLS,869,Action
SWARM GOLD,870,Horror
SWEDEN SHINING,871,Comedy
SWEET BROTHERHOOD,872,Travel
SWEETHEARTS SUSPECTS,873,Children
TADPOLE PARK,874,Classics
TALENTED HOMICIDE,875,Sports
TARZAN VIDEOTAPE,876,Horror
TAXI KICK,877,Music
TEEN APOLLO,878,Travel
TELEGRAPH VOYAGE,879,Music
TELEMARK HEARTBREAKERS,880,Animation
TEMPLE ATTRACTION,881,Horror
TENENBAUMS COMMAND,882,Drama
TEQUILA PAST,883,Children
TERMINATOR CLUB,884,Music
TEXAS WATCH,885,Horror
THEORY MERMAID,886,Animation
THIEF PELICAN,887,Animation
THIN SAGEBRUSH,888,Documentary
TIES HUNGER,889,Children
TIGHTS DAWN,890,Sports
TIMBERLAND SKY,891,Classics
TITANIC BOONDOCK,892,Animation
TITANS JERK,893,Sci-Fi
TOMATOES HELLFIGHTERS,894,Travel
TOMORROW HUSTLER,895,Classics
TOOTSIE PILOT,896,Children
TORQUE BOUND,897,Drama
TOURIST PELICAN,898,Sports
TOWERS HURRICANE,899,Classics
TOWN ARK,900,Foreign
TRACY CIDER,901,Animation
TRADING PINOCCHIO,902,Sports
TRAFFIC HOBBIT,903,Travel
TRAIN BUNCH,904,Horror
TRAINSPOTTING STRANGERS,905,Comedy
TRAMP OTHERS,906,Comedy
TRANSLATION SUMMER,907,Drama
TRAP GUYS,908,Foreign
TREASURE COMMAND,909,Horror
TREATMENT JEKYLL,910,Drama
TRIP NEWTON,911,Action
TROJAN TOMORROW,912,Sci-Fi
TROOPERS METAL,913,New
TROUBLE DATE,914,Travel
TRUMAN CRAZY,915,Action
TURN STAR,916,Animation
TUXEDO MILE,917,Sports
TWISTED PIRATES,918,Children
TYCOON GATHERING,919,Games
UNBREAKABLE KARATE,920,New
UNCUT SUICIDES,921,Music
UNDEFEATED DALMATIONS,922,Horror
UNFAITHFUL KILL,923,Drama
UNFORGIVEN ZOOLANDER,924,Sci-Fi
UNITED PILOT,925,Documentary
UNTOUCHABLES SUNRISE,926,Documentary
UPRISING UPTOWN,927,Action
UPTOWN YOUNG,928,Children
USUAL UNTOUCHABLES,929,Foreign
VACATION BOONDOCK,930,Sci-Fi
VALENTINE VANISHING,931,Travel
VALLEY PACKER,932,Comedy
VAMPIRE WHALE,933,New
VANILLA DAY,934,Games
VANISHED GARDEN,935,New
VANISHING ROCKY,936,Music
VARSITY TRIP,937,New
VELVET TERMINATOR,938,Comedy
VERTIGO NORTHWEST,939,Comedy
VICTORY ACADEMY,940,Sports
VIDEOTAPE ARSENIC,941,Games
VIETNAM SMOOCHY,942,Drama
VILLAIN DESPERATE,943,Documentary
VIRGIN DAISY,944,Drama
VIRGINIAN PLUTO,945,Documentary
VIRTUAL SPOILERS,946,Family
VISION TORQUE,947,Foreign
VOICE PEACH,948,New
VOLCANO TEXAS,949,Games
VOLUME HOUSE,950,Classics
VOYAGE LEGALLY,951,Classics
WAGON JAWS,952,Documentary
WAIT CIDER,953,Animation
WAKE JAWS,954,New
WALLS ARTIST,955,Children
WANDA CHAMBER,956,Games
WAR NOTTING,957,Foreign
WARDROBE PHANTOM,958,Drama
WARLOCK WEREWOLF,959,Children
WARS PLUTO,960,Documentary
WASH HEAVENLY,961,Foreign
WASTELAND DIVINE,962,Classics
WATCH TRACY,963,Animation
WATERFRONT DELIVERANCE,964,Action
WATERSHIP FRONTIER,965,Horror
WEDDING APOLLO,966,Documentary
WEEKEND PERSONAL,967,Sci-Fi
WEREWOLF LOLA,968,Action
WEST LION,969,Drama
WESTWARD SEABISCUIT,970,Classics
WHALE BIKINI,971,Foreign
WHISPERER GIANT,972,Sci-Fi
WIFE TURN,973,Documentary
WILD APOLLO,974,New
WILLOW TRACY,975,Family
WIND PHANTOM,976,Games
WINDOW SIDE,977,Travel
WISDOM WORKER,978,Comedy
WITCHES PANIC,979,Drama
WIZARD COLDBLOODED,980,Music
WOLVES DESIRE,981,Travel
WOMEN DORADO,982,Action
WON DARES,983,Music
WONDERFUL DROP,984,Foreign
WONDERLAND CHRISTMAS,985,Sci-Fi
WONKA SEA,986,Animation
WORDS HUNTER,987,Music
WORKER TARZAN,988,Travel
WORKING MICROCOSMOS,989,Travel
WORLD LEATHERNECKS,990,Horror
WORST BANGER,991,Action
WRATH MILE,992,Documentary
WRONG BEHAVIOR,993,Children
WYOMING STORM,994,New
YENTL IDAHO,995,Horror
YOUNG LANGUAGE,996,Documentary
YOUTH KICK,997,Music
ZHIVAGO CORE,998,Horror
ZOOLANDER FICTION,999,Children
ZORRO ARK,1000,Comedy
ACE GOLDFINGER,2,Horror