customer_id,address,email,first_name,last_name,store_id
1,1913 Hanoi Way Sasebo Japan,MARY.SMITH@sakilacustomer.org,MARY,SMITH,1
2,1121 Loja Avenue San Bernardino United States,PATRICIA.JOHNSON@sakilacustomer.org,PATRICIA,JOHNSON,1
3,692 Joliet Street Athenai Greece,LINDA.WILLIAMS@sakilacustomer.org,LINDA,WILLIAMS,1
4,1566 Inegl Manor Myingyan Myanmar,BARBARA.JONES@sakilacustomer.org,BARBARA,JONES,2
5,53 Idfu Parkway Nantou Taiwan,ELIZABETH.BROWN@sakilacustomer.org,ELIZABETH,BROWN,1
6,1795 Santiago de Compostela Way Laredo United States,JENNIFER.DAVIS@sakilacustomer.org,JENNIFER,DAVIS,2
7,900 Santiago de Compostela Parkway Kragujevac Yugoslavia,MARIA.MILLER@sakilacustomer.org,MARIA,MILLER,1
8,478 Joliet Way Hamilton New Zealand,SUSAN.WILSON@sakilacustomer.org,SUSAN,WILSON,2
9,613 Korolev Drive Masqat Oman,MARGARET.MOORE@sakilacustomer.org,MARGARET,MOORE,2
10,1531 Sal Drive Esfahan Iran,DOROTHY.TAYLOR@sakilacustomer.org,DOROTHY,TAYLOR,1
11,1542 Tarlac Parkway Sagamihara Japan,LISA.ANDERSON@sakilacustomer.org,LISA,ANDERSON,2
12,808 Bhopal Manor Yamuna Nagar India,NANCY.THOMAS@sakilacustomer.org,NANCY,THOMAS,1
13,270 Amroha Parkway Osmaniye Turkey,KAREN.JACKSON@sakilacustomer.org,KAREN,JACKSON,2
14,770 Bydgoszcz Avenue Citrus Heights United States,BETTY.WHITE@sakilacustomer.org,BETTY,WHITE,2
15,419 Iligan Lane Bhopal India,HELEN.HARRIS@sakilacustomer.org,HELEN,HARRIS,1
16,360 Toulouse Parkway Southend-on-Sea United Kingdom,SANDRA.MARTIN@sakilacustomer.org,SANDRA,MARTIN,2
17,270 Toulon Boulevard Elista Russian Federation,DONNA.THOMPSON@sakilacustomer.org,DONNA,THOMPSON,1
18,320 Brest Avenue Kaduna Nigeria,CAROL.GARCIA@sakilacustomer.org,CAROL,GARCIA,2
19,1417 Lancaster Avenue Kimberley South Africa,RUTH.MARTINEZ@sakilacustomer.org,RUTH,MARTINEZ,1
20,1688 Okara Way Mardan Pakistan,SHARON.ROBINSON@sakilacustomer.org,SHARON,ROBINSON,2
21,262 A Corua (La Corua) Parkway Tangail Bangladesh,MICHELLE.CLARK@sakilacustomer.org,MICHELLE,CLARK,1
22,28 Charlotte Amalie Street Sal Morocco,LAURA.RODRIGUEZ@sakilacustomer.org,LAURA,RODRIGUEZ,1
23,1780 Hino Boulevard Liepaja Latvia,SARAH.LEWIS@sakilacustomer.org,SARAH,LEWIS,2
24,96 Tafuna Way Crdoba Argentina,KIMBERLY.LEE@sakilacustomer.org,KIMBERLY,LEE,2
25,934 San Felipe de Puerto Plata Street Shikarpur Pakistan,DEBORAH.WALKER@sakilacustomer.org,DEBORAH,WALKER,1
26,18 Duisburg Boulevard Citt del Vaticano Holy See (Vatican City State),JESSICA.HALL@sakilacustomer.org,JESSICA,HALL,2
27,217 Botshabelo Place Davao Philippines,SHIRLEY.ALLEN@sakilacustomer.org,SHIRLEY,ALLEN,2
28,1425 Shikarpur Manor Munger (Monghyr) India,CYNTHIA.YOUNG@sakilacustomer.org,CYNTHIA,YOUNG,1
29,786 Aurora Avenue Shimonoseki Japan,ANGELA.HERNANDEZ@sakilacustomer.org,ANGELA,HERNANDEZ,2
30,1668 Anpolis Street Lungtan Taiwan,MELISSA.KING@sakilacustomer.org,MELISSA,KING,1
31,33 Gorontalo Way Kamarhati India,BRENDA.WRIGHT@sakilacustomer.org,BRENDA,WRIGHT,2
32,176 Mandaluyong Place Jhansi India,AMY.LOPEZ@sakilacustomer.org,AMY,LOPEZ,1
33,127 Purnea (Purnia) Manor Alessandria Italy,ANNA.HILL@sakilacustomer.org,ANNA,HILL,2
34,61 Tama Street Kurashiki Japan,REBECCA.SCOTT@sakilacustomer.org,REBECCA,SCOTT,2
35,391 Callao Drive Toulouse France,VIRGINIA.GREEN@sakilacustomer.org,VIRGINIA,GREEN,2
36,334 Munger (Monghyr) Lane Arak Iran,KATHLEEN.ADAMS@sakilacustomer.org,KATHLEEN,ADAMS,2
37,1440 Fukuyama Loop Nanyang China,PAMELA.BAKER@sakilacustomer.org,PAMELA,BAKER,1
38,269 Cam Ranh Parkway Chisinau Moldova,MARTHA.GONZALEZ@sakilacustomer.org,MARTHA,GONZALEZ,1
39,306 Antofagasta Place Vila Velha Brazil,DEBRA.NELSON@sakilacustomer.org,DEBRA,NELSON,1
40,671 Graz Street Nador Morocco,AMANDA.CARTER@sakilacustomer.org,AMANDA,CARTER,2
41,42 Brindisi Place Yerevan Armenia,STEPHANIE.MITCHELL@sakilacustomer.org,STEPHANIE,MITCHELL,1
42,1632 Bislig Avenue Pak Kret Thailand,CAROLYN.PEREZ@sakilacustomer.org,CAROLYN,PEREZ,2
43,1447 Imus Way Faaa French Polynesia,CHRISTINE.ROBERTS@sakilacustomer.org,CHRISTINE,ROBERTS,2
44,1998 Halifax Drive Lipetsk Russian Federation,MARIE.TURNER@sakilacustomer.org,MARIE,TURNER,1
45,1718 Valencia Street Antofagasta Chile,JANET.PHILLIPS@sakilacustomer.org,JANET,PHILLIPS,1
46,46 Pjatigorsk Lane Moscow Russian Federation,CATHERINE.CAMPBELL@sakilacustomer.org,CATHERINE,CAMPBELL,2
47,686 Garland Manor Juazeiro do Norte Brazil,FRANCES.PARKER@sakilacustomer.org,FRANCES,PARKER,1
48,909 Garland Manor Niznekamsk Russian Federation,ANN.EVANS@sakilacustomer.org,ANN,EVANS,1
49,725 Isesaki Place Jedda Saudi Arabia,JOYCE.EDWARDS@sakilacustomer.org,JOYCE,EDWARDS,2
50,115 Hidalgo Parkway Omdurman Sudan,DIANE.COLLINS@sakilacustomer.org,DIANE,COLLINS,1
51,1135 Izumisano Parkway Fontana United States,ALICE.STEWART@sakilacustomer.org,ALICE,STEWART,1
52,939 Probolinggo Loop A Corua (La Corua) Spain,JULIE.SANCHEZ@sakilacustomer.org,JULIE,SANCHEZ,1
53,17 Kabul Boulevard Nagareyama Japan,HEATHER.MORRIS@sakilacustomer.org,HEATHER,MORRIS,1
54,1964 Allappuzha (Alleppey) Street Iwakuni Japan,TERESA.ROGERS@sakilacustomer.org,TERESA,ROGERS,1
55,1697 Kowloon and New Kowloon Loop Balaiha Russian Federation,DORIS.REED@sakilacustomer.org,DORIS,REED,2
56,1668 Saint Louis Place Papeete French Polynesia,GLORIA.COOK@sakilacustomer.org,GLORIA,COOK,1
57,943 Tokat Street Vaduz Liechtenstein,EVELYN.MORGAN@sakilacustomer.org,EVELYN,MORGAN,2
58,1114 Liepaja Street Kuching Malaysia,JEAN.BELL@sakilacustomer.org,JEAN,BELL,1
59,1213 Ranchi Parkway Mysore India,CHERYL.MURPHY@sakilacustomer.org,CHERYL,MURPHY,1
60,81 Hodeida Way Jaipur India,MILDRED.BAILEY@sakilacustomer.org,MILDRED,BAILEY,1
61,915 Ponce Place Basel Switzerland,KATHERINE.RIVERA@sakilacustomer.org,KATHERINE,RIVERA,2
62,1717 Guadalajara Lane Saint Louis United States,JOAN.COOPER@sakilacustomer.org,JOAN,COOPER,1
63,1214 Hanoi Way Lincoln United States,ASHLEY.RICHARDSON@sakilacustomer.org,ASHLEY,RICHARDSON,1
64,1966 Amroha Avenue Daxian China,JUDITH.COX@sakilacustomer.org,JUDITH,COX,2
65,698 Otsu Street Cayenne French Guiana,ROSE.HOWARD@sakilacustomer.org,ROSE,HOWARD,2
66,1150 Kimchon Manor Malm Sweden,JANICE.WARD@sakilacustomer.org,JANICE,WARD,2
67,1586 Guaruj Place Xiangtan China,KELLY.TORRES@sakilacustomer.org,KELLY,TORRES,1
68,57 Arlington Manor Shivapuri India,NICOLE.PETERSON@sakilacustomer.org,NICOLE,PETERSON,1
69,1031 Daugavpils Parkway Bchar Algeria,JUDY.GRAY@sakilacustomer.org,JUDY,GRAY,2
70,1124 Buenaventura Drive al-Hawiya Saudi Arabia,CHRISTINA.RAMIREZ@sakilacustomer.org,CHRISTINA,RAMIREZ,2
71,492 Cam Ranh Street Baybay Philippines,KATHY.JAMES@sakilacustomer.org,KATHY,JAMES,1
72,89 Allappuzha (Alleppey) Manor Taguig Philippines,THERESA.WATSON@sakilacustomer.org,THERESA,WATSON,2
73,1947 Poos de Caldas Boulevard Chiayi Taiwan,BEVERLY.BROOKS@sakilacustomer.org,BEVERLY,BROOKS,2
74,1206 Dos Quebradas Place Rio Claro Brazil,DENISE.KELLY@sakilacustomer.org,DENISE,KELLY,1
75,1551 Rampur Lane Changhwa Taiwan,TAMMY.SANDERS@sakilacustomer.org,TAMMY,SANDERS,2
76,602 Paarl Street Pavlodar Kazakstan,IRENE.PRICE@sakilacustomer.org,IRENE,PRICE,2
77,1692 Ede Loop Araatuba Brazil,JANE.BENNETT@sakilacustomer.org,JANE,BENNETT,2
78,936 Salzburg Lane Rae Bareli India,LORI.WOOD@sakilacustomer.org,LORI,WOOD,1
79,586 Tete Way Kamakura Japan,RACHEL.BARNES@sakilacustomer.org,RACHEL,BARNES,1
80,1888 Kabul Drive Ife Nigeria,MARILYN.ROSS@sakilacustomer.org,MARILYN,ROSS,1
81,320 Baiyin Parkway Mahajanga Madagascar,ANDREA.HENDERSON@sakilacustomer.org,ANDREA,HENDERSON,1
82,927 Baha Blanca Parkway Simferopol Ukraine,KATHRYN.COLEMAN@sakilacustomer.org,KATHRYN,COLEMAN,1
83,929 Tallahassee Loop Springs South Africa,LOUISE.JENKINS@sakilacustomer.org,LOUISE,JENKINS,1
84,125 Citt del Vaticano Boulevard Atlixco Mexico,SARA.PERRY@sakilacustomer.org,SARA,PERRY,2
85,1557 Ktahya Boulevard Bradford United Kingdom,ANNE.POWELL@sakilacustomer.org,ANNE,POWELL,2
86,870 Ashqelon Loop Songkhla Thailand,JACQUELINE.LONG@sakilacustomer.org,JACQUELINE,LONG,2
87,1740 Portoviejo Avenue Sincelejo Colombia,WANDA.PATTERSON@sakilacustomer.org,WANDA,PATTERSON,1
88,1942 Ciparay Parkway Cheju South Korea,BONNIE.HUGHES@sakilacustomer.org,BONNIE,HUGHES,2
89,1926 El Alto Avenue La Plata Argentina,JULIA.FLORES@sakilacustomer.org,JULIA,FLORES,1
90,1952 Chatsworth Drive Meixian China,RUBY.WASHINGTON@sakilacustomer.org,RUBY,WASHINGTON,2
91,1370 Le Mans Avenue Bandar Seri Begawan Brunei,LOIS.BUTLER@sakilacustomer.org,LOIS,BUTLER,2
92,984 Effon-Alaiye Avenue Goinia Brazil,TINA.SIMMONS@sakilacustomer.org,TINA,SIMMONS,2
93,832 Nakhon Sawan Manor Zalantun China,PHYLLIS.FOSTER@sakilacustomer.org,PHYLLIS,FOSTER,1
94,152 Kitwe Parkway Bislig Philippines,NORMA.GONZALES@sakilacustomer.org,NORMA,GONZALES,1
95,1697 Tanauan Lane Pathankot India,PAULA.BRYANT@sakilacustomer.org,PAULA,BRYANT,2
96,1308 Arecibo Way Augusta-Richmond County United States,DIANA.ALEXANDER@sakilacustomer.org,DIANA,ALEXANDER,1
97,1599 Plock Drive Tete Mozambique,ANNIE.RUSSELL@sakilacustomer.org,ANNIE,RUSSELL,2
98,669 Firozabad Loop al-Ayn United Arab Emirates,LILLIAN.GRIFFIN@sakilacustomer.org,LILLIAN,GRIFFIN,1
99,588 Vila Velha Manor Kimchon South Korea,EMILY.DIAZ@sakilacustomer.org,EMILY,DIAZ,2
100,1913 Kamakura Place Jelets Russian Federation,ROBIN.HAYES@sakilacustomer.org,ROBIN,HAYES,1
101,733 Mandaluyong Place Abha Saudi Arabia,PEGGY.MYERS@sakilacustomer.org,PEGGY,MYERS,1
102,659 Vaduz Drive Ashdod Israel,CRYSTAL.FORD@sakilacustomer.org,CRYSTAL,FORD,1
103,1177 Jelets Way Ilorin Nigeria,GLADYS.HAMILTON@sakilacustomer.org,GLADYS,HAMILTON,1
104,1386 Yangor Avenue Toulon France,RITA.GRAHAM@sakilacustomer.org,RITA,GRAHAM,1
105,454 Nakhon Sawan Boulevard Funafuti Tuvalu,DAWN.SULLIVAN@sakilacustomer.org,DAWN,SULLIVAN,1
106,1867 San Juan Bautista Tuxtepec Avenue Ivanovo Russian Federation,CONNIE.WALLACE@sakilacustomer.org,CONNIE,WALLACE,1
107,1532 Dzerzinsk Way Merlo Argentina,FLORENCE.WOODS@sakilacustomer.org,FLORENCE,WOODS,1
108,1002 Ahmadnagar Manor Huixquilucan Mexico,TRACY.COLE@sakilacustomer.org,TRACY,COLE,1
109,682 Junan Way Klerksdorp South Africa,EDNA.WEST@sakilacustomer.org,EDNA,WEST,2
110,804 Elista Drive Enshi China,TIFFANY.JORDAN@sakilacustomer.org,TIFFANY,JORDAN,2
111,1378 Alvorada Avenue Caracas Venezuela,CARMEN.OWENS@sakilacustomer.org,CARMEN,OWENS,1
112,793 Cam Ranh Avenue Lancaster United States,ROSA.REYNOLDS@sakilacustomer.org,ROSA,REYNOLDS,2
113,1079 Tel Aviv-Jaffa Boulevard Cuman Venezuela,CINDY.FISHER@sakilacustomer.org,CINDY,FISHER,2
114,442 Rae Bareli Place Duisburg Germany,GRACE.ELLIS@sakilacustomer.org,GRACE,ELLIS,2
115,1107 Nakhon Sawan Avenue Nezahualcyotl Mexico,WENDY.HARRISON@sakilacustomer.org,WENDY,HARRISON,1
116,544 Malm Parkway Pemalang Indonesia,VICTORIA.GIBSON@sakilacustomer.org,VICTORIA,GIBSON,1
117,1967 Sincelejo Place Gandhinagar India,EDITH.MCDONALD@sakilacustomer.org,EDITH,MCDONALD,1
118,333 Goinia Way Grand Prairie United States,KIM.CRUZ@sakilacustomer.org,KIM,CRUZ,1
119,1987 Coacalco de Berriozbal Loop Shubra al-Khayma Egypt,SHERRY.MARSHALL@sakilacustomer.org,SHERRY,MARSHALL,1
120,241 Mosul Lane Dos Quebradas Colombia,SYLVIA.ORTIZ@sakilacustomer.org,SYLVIA,ORTIZ,2
121,211 Chiayi Drive Etawah India,JOSEPHINE.GOMEZ@sakilacustomer.org,JOSEPHINE,GOMEZ,1
122,1175 Tanauan Way Lima Peru,THELMA.MURRAY@sakilacustomer.org,THELMA,MURRAY,1
123,117 Boa Vista Way Varanasi (Benares) India,SHANNON.FREEMAN@sakilacustomer.org,SHANNON,FREEMAN,2
124,848 Tafuna Manor Ktahya Turkey,SHEILA.WELLS@sakilacustomer.org,SHEILA,WELLS,1
125,569 Baicheng Lane Boksburg South Africa,ETHEL.WEBB@sakilacustomer.org,ETHEL,WEBB,1
126,1666 Qomsheh Drive Po Brazil,ELLEN.SIMPSON@sakilacustomer.org,ELLEN,SIMPSON,1
127,801 Hagonoy Drive Smolensk Russian Federation,ELAINE.STEVENS@sakilacustomer.org,ELAINE,STEVENS,2
128,1050 Garden Grove Avenue Jastrzebie-Zdrj Poland,MARJORIE.TUCKER@sakilacustomer.org,MARJORIE,TUCKER,1
129,1854 Tieli Street Liaocheng China,CARRIE.PORTER@sakilacustomer.org,CARRIE,PORTER,1
130,758 Junan Lane guas Lindas de Gois Brazil,CHARLOTTE.HUNTER@sakilacustomer.org,CHARLOTTE,HUNTER,1
131,1752 So Leopoldo Parkway Mukateve Ukraine,MONICA.HICKS@sakilacustomer.org,MONICA,HICKS,2
132,898 Belm Manor Botshabelo South Africa,ESTHER.CRAWFORD@sakilacustomer.org,ESTHER,CRAWFORD,2
133,261 Saint Louis Way Torren Mexico,PAULINE.HENRY@sakilacustomer.org,PAULINE,HENRY,1
134,765 Southampton Drive Qalyub Egypt,EMMA.BOYD@sakilacustomer.org,EMMA,BOYD,1
135,943 Johannesburg Avenue Pune India,JUANITA.MASON@sakilacustomer.org,JUANITA,MASON,2
136,788 Atinsk Street Hubli-Dharwad India,ANITA.MORALES@sakilacustomer.org,ANITA,MORALES,2
137,1749 Daxian Place Apeldoorn Netherlands,RHONDA.KENNEDY@sakilacustomer.org,RHONDA,KENNEDY,2
138,1587 Sullana Lane Hohhot China,HAZEL.WARREN@sakilacustomer.org,HAZEL,WARREN,1
139,1029 Dzerzinsk Manor Touliu Taiwan,AMBER.DIXON@sakilacustomer.org,AMBER,DIXON,1
140,1666 Beni-Mellal Place Clarksville United States,EVA.RAMOS@sakilacustomer.org,EVA,RAMOS,1
141,928 Jaffna Loop Fukuyama Japan,DEBBIE.REYES@sakilacustomer.org,DEBBIE,REYES,1
142,483 Ljubertsy Parkway Dundee United Kingdom,APRIL.BURNS@sakilacustomer.org,APRIL,BURNS,1
143,374 Bat Yam Boulevard Kilis Turkey,LESLIE.GORDON@sakilacustomer.org,LESLIE,GORDON,1
144,1027 Songkhla Manor Molodetno Belarus,CLARA.SHAW@sakilacustomer.org,CLARA,SHAW,1
145,999 Sanaa Loop Soshanguve South Africa,LUCILLE.HOLMES@sakilacustomer.org,LUCILLE,HOLMES,1
146,879 Newcastle Way Sterling Heights United States,JAMIE.RICE@sakilacustomer.org,JAMIE,RICE,1
147,1337 Lincoln Parkway Urawa Japan,JOANNE.ROBERTSON@sakilacustomer.org,JOANNE,ROBERTSON,2
148,1952 Pune Lane Saint-Denis Runion,ELEANOR.HUNT@sakilacustomer.org,ELEANOR,HUNT,1
149,782 Mosul Street Brockton United States,VALERIE.BLACK@sakilacustomer.org,VALERIE,BLACK,1
150,781 Shimonoseki Drive Hidalgo Mexico,DANIELLE.DANIELS@sakilacustomer.org,DANIELLE,DANIELS,2
151,1560 Jelets Boulevard Laiwu China,MEGAN.PALMER@sakilacustomer.org,MEGAN,PALMER,2
152,1963 Moscow Place Nagaon India,ALICIA.MILLS@sakilacustomer.org,ALICIA,MILLS,1
153,456 Escobar Way Jakarta Indonesia,SUZANNE.NICHOLS@sakilacustomer.org,SUZANNE,NICHOLS,2
154,798 Cianjur Avenue Yuncheng China,MICHELE.GRANT@sakilacustomer.org,MICHELE,GRANT,2
155,185 Novi Sad Place Bern Switzerland,GAIL.KNIGHT@sakilacustomer.org,GAIL,KNIGHT,1
156,1367 Yantai Manor Ondo Nigeria,BERTHA.FERGUSON@sakilacustomer.org,BERTHA,FERGUSON,1
157,1386 Nakhon Sawan Boulevard Pyongyang North Korea,DARLENE.ROSE@sakilacustomer.org,DARLENE,ROSE,2
158,369 Papeete Way Greensboro United States,VERONICA.STONE@sakilacustomer.org,VERONICA,STONE,1
159,1440 Compton Place Linz Austria,JILL.HAWKINS@sakilacustomer.org,JILL,HAWKINS,1
160,1623 Baha Blanca Manor Ljubertsy Russian Federation,ERIN.DUNN@sakilacustomer.org,ERIN,DUNN,2
161,97 Shimoga Avenue Tel Aviv-Jaffa Israel,GERALDINE.PERKINS@sakilacustomer.org,GERALDINE,PERKINS,1
162,1740 Le Mans Loop Le Mans France,LAUREN.HUDSON@sakilacustomer.org,LAUREN,HUDSON,2
163,1287 Xiangfan Boulevard Kakamigahara Japan,CATHY.SPENCER@sakilacustomer.org,CATHY,SPENCER,1
164,842 Salzburg Lane Tarsus Turkey,JOANN.GARDNER@sakilacustomer.org,JOANN,GARDNER,2
165,154 Tallahassee Loop Hami China,LORRAINE.STEPHENS@sakilacustomer.org,LORRAINE,STEPHENS,2
166,710 San Felipe del Progreso Avenue Lilongwe Malawi,LYNN.PAYNE@sakilacustomer.org,LYNN,PAYNE,1
167,1540 Wroclaw Drive Chandrapur India,SALLY.PIERCE@sakilacustomer.org,SALLY,PIERCE,2
168,475 Atinsk Way Jinchang China,REGINA.BERRY@sakilacustomer.org,REGINA,BERRY,1
169,1294 Firozabad Drive Pingxiang China,ERICA.MATTHEWS@sakilacustomer.org,ERICA,MATTHEWS,2
170,1877 Ezhou Lane Udaipur India,BEATRICE.ARNOLD@sakilacustomer.org,BEATRICE,ARNOLD,1
171,316 Uruapan Street Ipoh Malaysia,DOLORES.WAGNER@sakilacustomer.org,DOLORES,WAGNER,2
172,29 Pyongyang Loop Batman Turkey,BERNICE.WILLIS@sakilacustomer.org,BERNICE,WILLIS,1
173,1010 Klerksdorp Way Graz Austria,AUDREY.RAY@sakilacustomer.org,AUDREY,RAY,1
174,1848 Salala Boulevard Ocumare del Tuy Venezuela,YVONNE.WATKINS@sakilacustomer.org,YVONNE,WATKINS,2
175,431 Xiangtan Avenue Allappuzha (Alleppey) India,ANNETTE.OLSON@sakilacustomer.org,ANNETTE,OLSON,1
176,757 Rustenburg Avenue Skikda Algeria,JUNE.CARROLL@sakilacustomer.org,JUNE,CARROLL,1
177,146 Johannesburg Way Matamoros Mexico,SAMANTHA.DUNCAN@sakilacustomer.org,SAMANTHA,DUNCAN,2
178,1891 Rizhao Boulevard Santa Brbara dOeste Brazil,MARION.SNYDER@sakilacustomer.org,MARION,SNYDER,2
179,1089 Iwatsuki Avenue Kirovo-Tepetsk Russian Federation,DANA.HART@sakilacustomer.org,DANA,HART,1
180,1410 Benin City Parkway Pereira Colombia,STACY.CUNNINGHAM@sakilacustomer.org,STACY,CUNNINGHAM,2
181,682 Garden Grove Place Memphis United States,ANA.BRADLEY@sakilacustomer.org,ANA,BRADLEY,2
182,533 al-Ayn Boulevard Compton United States,RENEE.LANE@sakilacustomer.org,RENEE,LANE,1
183,1839 Szkesfehrvr Parkway Luzinia Brazil,IDA.ANDREWS@sakilacustomer.org,IDA,ANDREWS,2
184,741 Ambattur Manor s-Hertogenbosch Netherlands,VIVIAN.RUIZ@sakilacustomer.org,VIVIAN,RUIZ,1
185,927 Barcelona Street Shahr-e Kord Iran,ROBERTA.HARPER@sakilacustomer.org,ROBERTA,HARPER,1
186,435 0 Way Haldia India,HOLLY.FOX@sakilacustomer.org,HOLLY,FOX,2
187,140 Chiayi Parkway Sumy Ukraine,BRITTANY.RILEY@sakilacustomer.org,BRITTANY,RILEY,2
188,1166 Changhwa Street Bayugan Philippines,MELANIE.ARMSTRONG@sakilacustomer.org,MELANIE,ARMSTRONG,1
189,891 Novi Sad Manor Oshawa Canada,LORETTA.CARPENTER@sakilacustomer.org,LORETTA,CARPENTER,1
190,605 Rio Claro Parkway Tabora Tanzania,YOLANDA.WEAVER@sakilacustomer.org,YOLANDA,WEAVER,2
191,1077 San Felipe de Puerto Plata Place Novoterkassk Russian Federation,JEANETTE.GREENE@sakilacustomer.org,JEANETTE,GREENE,1
192,9 San Miguel de Tucumn Manor Firozabad India,LAURIE.LAWRENCE@sakilacustomer.org,LAURIE,LAWRENCE,1
193,447 Surakarta Loop Kisumu Kenya,KATIE.ELLIOTT@sakilacustomer.org,KATIE,ELLIOTT,2
194,345 Oshawa Boulevard Hino Japan,KRISTEN.CHAVEZ@sakilacustomer.org,KRISTEN,CHAVEZ,2
195,1792 Valle de la Pascua Place Siegen Germany,VANESSA.SIMS@sakilacustomer.org,VANESSA,SIMS,1
196,1074 Binzhou Manor Mannheim Germany,ALMA.AUSTIN@sakilacustomer.org,ALMA,AUSTIN,1
197,817 Bradford Loop Changzhou China,SUE.PETERS@sakilacustomer.org,SUE,PETERS,2
198,955 Bamenda Way Ikerre Nigeria,ELSIE.KELLEY@sakilacustomer.org,ELSIE,KELLEY,2
199,1149 A Corua (La Corua) Boulevard Haiphong Vietnam,BETH.FRANKLIN@sakilacustomer.org,BETH,FRANKLIN,2
200,387 Mwene-Ditu Drive Ashgabat Turkmenistan,JEANNE.LAWSON@sakilacustomer.org,JEANNE,LAWSON,2
201,68 Molodetno Manor Witten Germany,VICKI.FIELDS@sakilacustomer.org,VICKI,FIELDS,1
202,642 Nador Drive Bhusawal India,CARLA.GUTIERREZ@sakilacustomer.org,CARLA,GUTIERREZ,2
203,1688 Nador Lane Gorontalo Indonesia,TARA.RYAN@sakilacustomer.org,TARA,RYAN,1
204,1215 Pyongyang Parkway Usak Turkey,ROSEMARY.SCHMIDT@sakilacustomer.org,ROSEMARY,SCHMIDT,1
205,1679 Antofagasta Street Ciudad del Este Paraguay,EILEEN.CARR@sakilacustomer.org,EILEEN,CARR,2
206,1304 s-Hertogenbosch Way Blumenau Brazil,TERRI.VASQUEZ@sakilacustomer.org,TERRI,VASQUEZ,1
207,850 Salala Loop Nuuk Greenland,GERTRUDE.CASTILLO@sakilacustomer.org,GERTRUDE,CASTILLO,1
208,624 Oshawa Boulevard Balurghat India,LUCY.WHEELER@sakilacustomer.org,LUCY,WHEELER,1
209,43 Dadu Avenue Bhilwara India,TONYA.CHAPMAN@sakilacustomer.org,TONYA,CHAPMAN,2
210,751 Lima Loop Aden Yemen,ELLA.OLIVER@sakilacustomer.org,ELLA,OLIVER,2
211,1333 Haldia Street Fuyu China,STACEY.MONTGOMERY@sakilacustomer.org,STACEY,MONTGOMERY,1
212,660 Jedda Boulevard Bellevue United States,WILMA.RICHARDS@sakilacustomer.org,WILMA,RICHARDS,2
213,1001 Miyakonojo Lane Taizz Yemen,GINA.WILLIAMSON@sakilacustomer.org,GINA,WILLIAMSON,1
214,226 Brest Manor Sunnyvale United States,KRISTIN.JOHNSTON@sakilacustomer.org,KRISTIN,JOHNSTON,1
215,1229 Valencia Parkway Stara Zagora Bulgaria,JESSIE.BANKS@sakilacustomer.org,JESSIE,BANKS,2
216,1201 Qomsheh Manor Aparecida de Goinia Brazil,NATALIE.MEYER@sakilacustomer.org,NATALIE,MEYER,1
217,866 Shivapuri Manor Sambhal India,AGNES.BISHOP@sakilacustomer.org,AGNES,BISHOP,2
218,1168 Najafabad Parkway Kabul Afghanistan,VERA.MCCOY@sakilacustomer.org,VERA,MCCOY,1
219,1244 Allappuzha (Alleppey) Place Vicente Lpez Argentina,WILLIE.HOWELL@sakilacustomer.org,WILLIE,HOWELL,2
220,1842 Luzinia Boulevard Zanzibar Tanzania,CHARLENE.ALVAREZ@sakilacustomer.org,CHARLENE,ALVAREZ,2
221,1926 Gingoog Street Syrakusa Italy,BESSIE.MORRISON@sakilacustomer.org,BESSIE,MORRISON,1
222,810 Palghat (Palakkad) Boulevard Jaroslavl Russian Federation,DELORES.HANSEN@sakilacustomer.org,DELORES,HANSEN,2
223,1820 Maring Parkway Mandi Bahauddin Pakistan,MELINDA.FERNANDEZ@sakilacustomer.org,MELINDA,FERNANDEZ,1
224,60 Poos de Caldas Street Jodhpur India,PEARL.GARZA@sakilacustomer.org,PEARL,GARZA,2
225,1014 Loja Manor Ambattur India,ARLENE.HARVEY@sakilacustomer.org,ARLENE,HARVEY,1
226,201 Effon-Alaiye Way Asuncin Paraguay,MAUREEN.LITTLE@sakilacustomer.org,MAUREEN,LITTLE,2
227,430 Alessandria Loop Saarbrcken Germany,COLLEEN.BURTON@sakilacustomer.org,COLLEEN,BURTON,1
228,754 Valencia Place Phnom Penh Cambodia,ALLISON.STANLEY@sakilacustomer.org,ALLISON,STANLEY,2
229,356 Olomouc Manor Anpolis Brazil,TAMARA.NGUYEN@sakilacustomer.org,TAMARA,NGUYEN,1
230,1256 Bislig Boulevard Botosani Romania,JOY.GEORGE@sakilacustomer.org,JOY,GEORGE,2
231,954 Kimchon Place Uttarpara-Kotrung India,GEORGIA.JACOBS@sakilacustomer.org,GEORGIA,JACOBS,1
232,885 Yingkou Manor Zaria Nigeria,CONSTANCE.REID@sakilacustomer.org,CONSTANCE,REID,2
233,1736 Cavite Place Idfu Egypt,LILLIE.KIM@sakilacustomer.org,LILLIE,KIM,2
234,346 Skikda Parkway Jalib al-Shuyukh Kuwait,CLAUDIA.FULLER@sakilacustomer.org,CLAUDIA,FULLER,1
235,98 Stara Zagora Boulevard Buenaventura Colombia,JACKIE.LYNCH@sakilacustomer.org,JACKIE,LYNCH,1
236,1479 Rustenburg Boulevard Tanza Philippines,MARCIA.DEAN@sakilacustomer.org,MARCIA,DEAN,1
237,647 A Corua (La Corua) Street Naju South Korea,TANYA.GILBERT@sakilacustomer.org,TANYA,GILBERT,1
238,1964 Gijn Manor Shimoga India,NELLIE.GARRETT@sakilacustomer.org,NELLIE,GARRETT,1
239,47 Syktyvkar Lane Ciomas Indonesia,MINNIE.ROMERO@sakilacustomer.org,MINNIE,ROMERO,2
240,1148 Saarbrcken Parkway Iwaki Japan,MARLENE.WELCH@sakilacustomer.org,MARLENE,WELCH,1
241,1103 Bilbays Parkway Xiangfan China,HEIDI.LARSON@sakilacustomer.org,HEIDI,LARSON,2
242,1246 Boksburg Parkway Qinhuangdao China,GLENDA.FRAZIER@sakilacustomer.org,GLENDA,FRAZIER,1
243,1483 Pathankot Street San Miguel de Tucumn Argentina,LYDIA.BURKE@sakilacustomer.org,LYDIA,BURKE,1
244,582 Papeete Loop Lapu-Lapu Philippines,VIOLA.HANSON@sakilacustomer.org,VIOLA,HANSON,2
245,300 Junan Street Uijongbu South Korea,COURTNEY.DAY@sakilacustomer.org,COURTNEY,DAY,1
246,829 Grand Prairie Way Maring Brazil,MARIAN.MENDOZA@sakilacustomer.org,MARIAN,MENDOZA,1
247,1473 Changhwa Parkway Coacalco de Berriozbal Mexico,STELLA.MORENO@sakilacustomer.org,STELLA,MORENO,1
248,1309 Weifang Street Tallahassee United States,CAROLINE.BOWMAN@sakilacustomer.org,CAROLINE,BOWMAN,1
249,1760 Oshawa Manor Tianjin China,DORA.MEDINA@sakilacustomer.org,DORA,MEDINA,2
250,786 Stara Zagora Way Oyo Nigeria,JO.FOWLER@sakilacustomer.org,JO,FOWLER,2
251,1966 Tonghae Street Halle/Saale Germany,VICKIE.BREWER@sakilacustomer.org,VICKIE,BREWER,2
252,1497 Yuzhou Drive London United Kingdom,MATTIE.HOFFMAN@sakilacustomer.org,MATTIE,HOFFMAN,2
253,752 Ondo Loop Miyakonojo Japan,TERRY.CARLSON@sakilacustomer.org,TERRY,CARLSON,1
254,1338 Zalantun Lane Poos de Caldas Brazil,MAXINE.SILVA@sakilacustomer.org,MAXINE,SILVA,2
255,127 Iwakuni Boulevard Hagonoy Philippines,IRMA.PEARSON@sakilacustomer.org,IRMA,PEARSON,2
256,51 Laredo Avenue Monywa Myanmar,MABEL.HOLLAND@sakilacustomer.org,MABEL,HOLLAND,2
257,771 Yaound Manor Beira Mozambique,MARSHA.DOUGLAS@sakilacustomer.org,MARSHA,DOUGLAS,2
258,532 Toulon Street Santiago de los Caballeros Dominican Republic,MYRTLE.FLEMING@sakilacustomer.org,MYRTLE,FLEMING,1
259,1027 Banjul Place Halisahar India,LENA.JENSEN@sakilacustomer.org,LENA,JENSEN,2
260,1158 Mandi Bahauddin Parkway Datong China,CHRISTY.VARGAS@sakilacustomer.org,CHRISTY,VARGAS,1
261,862 Xintai Lane Tuguegarao Philippines,DEANNA.BYRD@sakilacustomer.org,DEANNA,BYRD,1
262,816 Cayenne Parkway Portoviejo Ecuador,PATSY.DAVIDSON@sakilacustomer.org,PATSY,DAVIDSON,2
263,1831 Nam Dinh Loop Mandaluyong Philippines,HILDA.HOPKINS@sakilacustomer.org,HILDA,HOPKINS,1
264,446 Kirovo-Tepetsk Lane Higashiosaka Japan,GWENDOLYN.MAY@sakilacustomer.org,GWENDOLYN,MAY,1
265,682 Halisahar Place Olomouc Czech Republic,JENNIE.TERRY@sakilacustomer.org,JENNIE,TERRY,2
266,1587 Loja Manor Salzburg Austria,NORA.HERRERA@sakilacustomer.org,NORA,HERRERA,2
267,1762 Paarl Parkway Lengshuijiang China,MARGIE.WADE@sakilacustomer.org,MARGIE,WADE,1
268,1519 Ilorin Place Palghat (Palakkad) India,NINA.SOTO@sakilacustomer.org,NINA,SOTO,1
269,920 Kumbakonam Loop Salinas United States,CASSANDRA.WALTERS@sakilacustomer.org,CASSANDRA,WALTERS,1
270,906 Goinia Way Kalisz Poland,LEAH.CURTIS@sakilacustomer.org,LEAH,CURTIS,1
271,1675 Xiangfan Manor Kumbakonam India,PENNY.NEAL@sakilacustomer.org,PENNY,NEAL,1
272,85 San Felipe de Puerto Plata Drive Yantai China,KAY.CALDWELL@sakilacustomer.org,KAY,CALDWELL,1
273,144 South Hill Loop Salamanca Mexico,PRISCILLA.LOWE@sakilacustomer.org,PRISCILLA,LOWE,2
274,1884 Shikarpur Avenue Karnal India,NAOMI.JENNINGS@sakilacustomer.org,NAOMI,JENNINGS,1
275,1980 Kamjanets-Podilskyi Street Peoria United States,CAROLE.BARNETT@sakilacustomer.org,CAROLE,BARNETT,2
276,1944 Bamenda Way Warren United States,BRANDY.GRAVES@sakilacustomer.org,BRANDY,GRAVES,1
277,556 Baybay Manor Ogbomosho Nigeria,OLGA.JIMENEZ@sakilacustomer.org,OLGA,JIMENEZ,2
278,457 Tongliao Loop Inegl Turkey,BILLIE.HORTON@sakilacustomer.org,BILLIE,HORTON,2
279,600 Bradford Street Tabriz Iran,DIANNE.SHELTON@sakilacustomer.org,DIANNE,SHELTON,2
280,1006 Santa Brbara dOeste Manor Owo Nigeria,TRACEY.BARRETT@sakilacustomer.org,TRACEY,BARRETT,2
281,1308 Sumy Loop Fuzhou China,LEONA.OBRIEN@sakilacustomer.org,LEONA,OBRIEN,2
282,1405 Chisinau Place Ponce Puerto Rico,JENNY.CASTRO@sakilacustomer.org,JENNY,CASTRO,2
283,226 Halifax Street Korla China,FELICIA.SUTTON@sakilacustomer.org,FELICIA,SUTTON,1
284,1279 Udine Parkway Benin City Nigeria,SONIA.GREGORY@sakilacustomer.org,SONIA,GREGORY,1
285,1336 Benin City Drive Otsu Japan,MIRIAM.MCKINNEY@sakilacustomer.org,MIRIAM,MCKINNEY,1
286,1155 Liaocheng Place Effon-Alaiye Nigeria,VELMA.LUCAS@sakilacustomer.org,VELMA,LUCAS,1
287,1993 Tabuk Lane Tambaram India,BECKY.MILES@sakilacustomer.org,BECKY,MILES,2
288,86 Higashiosaka Lane Valle de Santiago Mexico,BOBBIE.CRAIG@sakilacustomer.org,BOBBIE,CRAIG,1
289,1912 Allende Manor Kowloon and New Kowloon Hong Kong,VIOLET.RODRIQUEZ@sakilacustomer.org,VIOLET,RODRIQUEZ,1
290,544 Tarsus Boulevard Valle de la Pascua Venezuela,KRISTINA.CHAMBERS@sakilacustomer.org,KRISTINA,CHAMBERS,1
291,1936 Cuman Avenue Roanoke United States,TONI.HOLT@sakilacustomer.org,TONI,HOLT,1
292,1192 Tongliao Street Sharja United Arab Emirates,MISTY.LAMBERT@sakilacustomer.org,MISTY,LAMBERT,2
293,44 Najafabad Way Donostia-San Sebastin Spain,MAE.FLETCHER@sakilacustomer.org,MAE,FLETCHER,2
294,32 Pudukkottai Lane Dayton United States,SHELLY.WATTS@sakilacustomer.org,SHELLY,WATTS,2
295,661 Chisinau Lane Kolpino Russian Federation,DAISY.BATES@sakilacustomer.org,DAISY,BATES,1
296,951 Stara Zagora Manor Patiala India,RAMONA.HALE@sakilacustomer.org,RAMONA,HALE,2
297,922 Vila Velha Loop Ahmadnagar India,SHERRI.RHODES@sakilacustomer.org,SHERRI,RHODES,1
298,898 Jining Lane Oulu Finland,ERIKA.PENA@sakilacustomer.org,ERIKA,PENA,1
299,1635 Kuwana Boulevard Hiroshima Japan,JAMES.GANNON@sakilacustomer.org,JAMES,GANNON,2
300,41 El Alto Parkway Parbhani India,JOHN.FARNSWORTH@sakilacustomer.org,JOHN,FARNSWORTH,1
301,1883 Maikop Lane Kaliningrad Russian Federation,ROBERT.BAUGHMAN@sakilacustomer.org,ROBERT,BAUGHMAN,2
302,1908 Gaziantep Place Tiefa China,MICHAEL.SILVERMAN@sakilacustomer.org,MICHAEL,SILVERMAN,1
303,687 Alessandria Parkway Sanaa Yemen,WILLIAM.SATTERFIELD@sakilacustomer.org,WILLIAM,SATTERFIELD,2
304,827 Yuncheng Drive Callao Peru,DAVID.ROYAL@sakilacustomer.org,DAVID,ROYAL,2
305,913 Coacalco de Berriozbal Loop Arlington United States,RICHARD.MCCRARY@sakilacustomer.org,RICHARD,MCCRARY,1
306,715 So Bernardo do Campo Lane Sungai Petani Malaysia,CHARLES.KOWALSKI@sakilacustomer.org,CHARLES,KOWALSKI,1
307,1354 Siegen Street Angra dos Reis Brazil,JOSEPH.JOY@sakilacustomer.org,JOSEPH,JOY,2
308,1191 Sungai Petani Boulevard Kansas City United States,THOMAS.GRIGSBY@sakilacustomer.org,THOMAS,GRIGSBY,1
309,1224 Huejutla de Reyes Boulevard Brescia Italy,CHRISTOPHER.GRECO@sakilacustomer.org,CHRISTOPHER,GRECO,1
310,543 Bergamo Avenue Ibirit Brazil,DANIEL.CABRAL@sakilacustomer.org,DANIEL,CABRAL,2
311,746 Joliet Lane Kursk Russian Federation,PAUL.TROUT@sakilacustomer.org,PAUL,TROUT,2
312,780 Kimberley Way Tabuk Saudi Arabia,MARK.RINEHART@sakilacustomer.org,MARK,RINEHART,2
313,1774 Yaound Place Ezhou China,DONALD.MAHON@sakilacustomer.org,DONALD,MAHON,2
314,1957 Yantai Lane Sorocaba Brazil,GEORGE.LINTON@sakilacustomer.org,GEORGE,LINTON,1
315,1542 Lubumbashi Boulevard Bat Yam Israel,KENNETH.GOODEN@sakilacustomer.org,KENNETH,GOODEN,2
316,651 Pathankot Loop Miraj India,STEVEN.CURLEY@sakilacustomer.org,STEVEN,CURLEY,1
317,1359 Zhoushan Parkway Trshavn Faroe Islands,EDWARD.BAUGH@sakilacustomer.org,EDWARD,BAUGH,2
318,1769 Iwaki Lane Bydgoszcz Poland,BRIAN.WYMAN@sakilacustomer.org,BRIAN,WYMAN,1
319,1145 Vilnius Manor San Felipe del Progreso Mexico,RONALD.WEINER@sakilacustomer.org,RONALD,WEINER,2
320,1892 Nabereznyje Telny Lane Tafuna American Samoa,ANTHONY.SCHWAB@sakilacustomer.org,ANTHONY,SCHWAB,2
321,470 Boksburg Street Birgunj Nepal,KEVIN.SCHULER@sakilacustomer.org,KEVIN,SCHULER,1
322,1427 A Corua (La Corua) Place Baha Blanca Argentina,JASON.MORRISSEY@sakilacustomer.org,JASON,MORRISSEY,1
323,479 San Felipe del Progreso Avenue Cuautla Mexico,MATTHEW.MAHAN@sakilacustomer.org,MATTHEW,MAHAN,2
324,867 Benin City Avenue Yuzhou China,GARY.COY@sakilacustomer.org,GARY,COY,2
325,981 Kumbakonam Place Braslia Brazil,TIMOTHY.BUNN@sakilacustomer.org,TIMOTHY,BUNN,1
326,1016 Iwakuni Street Kingstown Saint Vincent and the Grenadines,JOSE.ANDREW@sakilacustomer.org,JOSE,ANDREW,1
327,663 Baha Blanca Parkway Adana Turkey,LARRY.THRASHER@sakilacustomer.org,LARRY,THRASHER,2
328,1860 Taguig Loop Ciparay Indonesia,JEFFREY.SPEAR@sakilacustomer.org,JEFFREY,SPEAR,2
329,1816 Bydgoszcz Loop Jamalpur Bangladesh,FRANK.WAGGONER@sakilacustomer.org,FRANK,WAGGONER,2
330,587 Benguela Manor Aurora United States,SCOTT.SHELLEY@sakilacustomer.org,SCOTT,SHELLEY,1
331,430 Kumbakonam Drive Santa F Argentina,ERIC.ROBERT@sakilacustomer.org,ERIC,ROBERT,1
332,1838 Tabriz Lane Dhaka Bangladesh,STEPHEN.QUALLS@sakilacustomer.org,STEPHEN,QUALLS,1
333,431 Szkesfehrvr Avenue Baku Azerbaijan,ANDREW.PURDY@sakilacustomer.org,ANDREW,PURDY,2
334,503 Sogamoso Loop Sumqayit Azerbaijan,RAYMOND.MCWHORTER@sakilacustomer.org,RAYMOND,MCWHORTER,2
335,507 Smolensk Loop Sousse Tunisia,GREGORY.MAULDIN@sakilacustomer.org,GREGORY,MAULDIN,1
336,1920 Weifang Avenue Rampur India,JOSHUA.MARK@sakilacustomer.org,JOSHUA,MARK,1
337,124 al-Manama Way Onomichi Japan,JERRY.JORDON@sakilacustomer.org,JERRY,JORDON,1
338,1443 Mardan Street Paarl South Africa,DENNIS.GILMAN@sakilacustomer.org,DENNIS,GILMAN,1
339,1909 Benguela Lane Xinxiang China,WALTER.PERRYMAN@sakilacustomer.org,WALTER,PERRYMAN,2
340,68 Ponce Parkway Hanoi Vietnam,PATRICK.NEWSOM@sakilacustomer.org,PATRICK,NEWSOM,1
341,1217 Konotop Avenue Ede Netherlands,PETER.MENARD@sakilacustomer.org,PETER,MENARD,1
342,1293 Nam Dinh Way Boa Vista Brazil,HAROLD.MARTINO@sakilacustomer.org,HAROLD,MARTINO,1
343,785 Vaduz Street Mexicali Mexico,DOUGLAS.GRAF@sakilacustomer.org,DOUGLAS,GRAF,1
344,1516 Escobar Drive Nukualofa Tonga,HENRY.BILLINGSLEY@sakilacustomer.org,HENRY,BILLINGSLEY,1
345,1628 Nagareyama Lane San Lorenzo Paraguay,CARL.ARTIS@sakilacustomer.org,CARL,ARTIS,1
346,1157 Nyeri Loop Maikop Russian Federation,ARTHUR.SIMPKINS@sakilacustomer.org,ARTHUR,SIMPKINS,1
347,1673 Tangail Drive Daugavpils Latvia,RYAN.SALISBURY@sakilacustomer.org,RYAN,SALISBURY,2
348,381 Kabul Way Hsichuh Taiwan,ROGER.QUINTANILLA@sakilacustomer.org,ROGER,QUINTANILLA,2
349,953 Hodeida Street Imus Philippines,JOE.GILLILAND@sakilacustomer.org,JOE,GILLILAND,2
350,469 Nakhon Sawan Street Teboksary Russian Federation,JUAN.FRALEY@sakilacustomer.org,JUAN,FRALEY,1
351,1378 Beira Loop Zeleznogorsk Russian Federation,JACK.FOUST@sakilacustomer.org,JACK,FOUST,1
352,1641 Changhwa Place Bamenda Cameroon,ALBERT.CROUSE@sakilacustomer.org,ALBERT,CROUSE,1
353,1698 Southport Loop Pachuca de Soto Mexico,JONATHAN.SCARBOROUGH@sakilacustomer.org,JONATHAN,SCARBOROUGH,1
354,519 Nyeri Manor Santo Andr Brazil,JUSTIN.NGO@sakilacustomer.org,JUSTIN,NGO,2
355,619 Hunuco Avenue Matsue Japan,TERRY.GRISSOM@sakilacustomer.org,TERRY,GRISSOM,2
356,45 Aparecida de Goinia Place Satna India,GERALD.FULTZ@sakilacustomer.org,GERALD,FULTZ,2
357,482 Kowloon and New Kowloon Manor Bratislava Slovakia,KEITH.RICO@sakilacustomer.org,KEITH,RICO,1
358,604 Bern Place Ranchi India,SAMUEL.MARLOW@sakilacustomer.org,SAMUEL,MARLOW,2
359,1623 Kingstown Drive Almirante Brown Argentina,WILLIE.MARKHAM@sakilacustomer.org,WILLIE,MARKHAM,2
360,1009 Zanzibar Lane Arecibo Puerto Rico,RALPH.MADRIGAL@sakilacustomer.org,RALPH,MADRIGAL,2
361,114 Jalib al-Shuyukh Manor Yaound Cameroon,LAWRENCE.LAWTON@sakilacustomer.org,LAWRENCE,LAWTON,2
362,1163 London Parkway Belm Brazil,NICHOLAS.BARFIELD@sakilacustomer.org,NICHOLAS,BARFIELD,1
363,1658 Jastrzebie-Zdrj Loop Nyeri Kenya,ROY.WHITING@sakilacustomer.org,ROY,WHITING,2
364,817 Laredo Avenue Guadalajara Mexico,BENJAMIN.VARNEY@sakilacustomer.org,BENJAMIN,VARNEY,1
365,1565 Tangail Manor Okinawa Japan,BRUCE.SCHWARZ@sakilacustomer.org,BRUCE,SCHWARZ,2
366,1912 Emeishan Drive Balikesir Turkey,BRANDON.HUEY@sakilacustomer.org,BRANDON,HUEY,1
367,230 Urawa Drive Adoni India,ADAM.GOOCH@sakilacustomer.org,ADAM,GOOCH,1
368,1922 Miraj Way Najafabad Iran,HARRY.ARCE@sakilacustomer.org,HARRY,ARCE,1
369,433 Florencia Street Jurez Mexico,FRED.WHEAT@sakilacustomer.org,FRED,WHEAT,2
370,1049 Matamoros Parkway Gulbarga India,WAYNE.TRUONG@sakilacustomer.org,WAYNE,TRUONG,2
371,1061 Ede Avenue Cabuyao Philippines,BILLY.POULIN@sakilacustomer.org,BILLY,POULIN,1
372,154 Oshawa Manor Probolinggo Indonesia,STEVE.MACKENZIE@sakilacustomer.org,STEVE,MACKENZIE,2
373,1191 Tandil Drive Tanauan Philippines,LOUIS.LEONE@sakilacustomer.org,LOUIS,LEONE,1
374,1133 Rizhao Avenue Vitria de Santo Anto Brazil,JEREMY.HURTADO@sakilacustomer.org,JEREMY,HURTADO,2
375,"1519 Santiago de los Caballeros Loop Mwene-Ditu Congo, The Democratic Republic of the",AARON.SELBY@sakilacustomer.org,AARON,SELBY,2
376,1618 Olomouc Manor Kurgan Russian Federation,RANDY.GAITHER@sakilacustomer.org,RANDY,GAITHER,1
377,220 Hidalgo Drive Kermanshah Iran,HOWARD.FORTNER@sakilacustomer.org,HOWARD,FORTNER,1
378,686 Donostia-San Sebastin Lane Shenzhen China,EUGENE.CULPEPPER@sakilacustomer.org,EUGENE,CULPEPPER,1
379,97 Mogiljov Lane Bhavnagar India,CARLOS.COUGHLIN@sakilacustomer.org,CARLOS,COUGHLIN,1
380,1642 Charlotte Amalie Drive Tychy Poland,RUSSELL.BRINSON@sakilacustomer.org,RUSSELL,BRINSON,1
381,1368 Maracabo Boulevard South Hill Anguilla,BOBBY.BOUDREAU@sakilacustomer.org,BOBBY,BOUDREAU,2
382,401 Sucre Boulevard Manchester United States,VICTOR.BARKLEY@sakilacustomer.org,VICTOR,BARKLEY,2
383,368 Hunuco Boulevard Namibe Angola,MARTIN.BALES@sakilacustomer.org,MARTIN,BALES,1
384,500 Lincoln Parkway Huaian China,ERNEST.STEPP@sakilacustomer.org,ERNEST,STEPP,2
385,102 Chapra Drive Tama Japan,PHILLIP.HOLM@sakilacustomer.org,PHILLIP,HOLM,1
386,1793 Meixian Place Kamjanets-Podilskyi Ukraine,TODD.TAN@sakilacustomer.org,TODD,TAN,1
387,"514 Ife Way Lubumbashi Congo, The Democratic Republic of the",JESSE.SCHILLING@sakilacustomer.org,JESSE,SCHILLING,2
388,717 Changzhou Lane Cavite Philippines,CRAIG.MORRELL@sakilacustomer.org,CRAIG,MORRELL,2
389,753 Ilorin Avenue Emeishan China,ALAN.KAHN@sakilacustomer.org,ALAN,KAHN,1
390,1337 Mit Ghamr Avenue Nakhon Sawan Thailand,SHAWN.HEATON@sakilacustomer.org,SHAWN,HEATON,1
391,767 Pyongyang Drive Izumisano Japan,CLARENCE.GAMEZ@sakilacustomer.org,CLARENCE,GAMEZ,1
392,614 Pak Kret Street Addis Abeba Ethiopia,SEAN.DOUGLASS@sakilacustomer.org,SEAN,DOUGLASS,2
393,954 Lapu-Lapu Way Korolev Russian Federation,PHILIP.CAUSEY@sakilacustomer.org,PHILIP,CAUSEY,1
394,331 Bydgoszcz Parkway Gijn Spain,CHRIS.BROTHERS@sakilacustomer.org,CHRIS,BROTHERS,2
395,1152 Citrus Heights Manor al-Qadarif Sudan,JOHNNY.TURPIN@sakilacustomer.org,JOHNNY,TURPIN,2
396,168 Cianjur Manor Iwatsuki Japan,EARL.SHANKS@sakilacustomer.org,EARL,SHANKS,1
397,616 Hagonoy Avenue Atinsk Russian Federation,JIMMY.SCHRADER@sakilacustomer.org,JIMMY,SCHRADER,1
398,1190 0 Place Bag Brazil,ANTONIO.MEEK@sakilacustomer.org,ANTONIO,MEEK,1
399,734 Bchar Place Okara Pakistan,DANNY.ISOM@sakilacustomer.org,DANNY,ISOM,1
400,530 Lausanne Lane Dallas United States,BRYAN.HARDISON@sakilacustomer.org,BRYAN,HARDISON,2
401,454 Patiala Lane Koriyama Japan,TONY.CARRANZA@sakilacustomer.org,TONY,CARRANZA,2
402,1346 Mysore Drive Brest France,LUIS.YANEZ@sakilacustomer.org,LUIS,YANEZ,1
403,990 Etawah Loop Valparai India,MIKE.WAY@sakilacustomer.org,MIKE,WAY,1
404,1266 Laredo Parkway Omiya Japan,STANLEY.SCROGGINS@sakilacustomer.org,STANLEY,SCROGGINS,2
405,88 Nagaon Manor Tandil Argentina,LEONARD.SCHOFIELD@sakilacustomer.org,LEONARD,SCHOFIELD,1
406,"264 Bhimavaram Manor Charlotte Amalie Virgin Islands, U.S.",NATHAN.RUNYON@sakilacustomer.org,NATHAN,RUNYON,1
407,1639 Saarbrcken Drive Rustenburg South Africa,DALE.RATCLIFF@sakilacustomer.org,DALE,RATCLIFF,1
408,692 Amroha Drive Jaffna Sri Lanka,MANUEL.MURRELL@sakilacustomer.org,MANUEL,MURRELL,1
409,1936 Lapu-Lapu Parkway Deba Habe Nigeria,RODNEY.MOELLER@sakilacustomer.org,RODNEY,MOELLER,2
410,432 Garden Grove Street Richmond Hill Canada,CURTIS.IRBY@sakilacustomer.org,CURTIS,IRBY,2
411,1445 Carmen Parkway Cianjur Indonesia,NORMAN.CURRIER@sakilacustomer.org,NORMAN,CURRIER,1
412,791 Salinas Street Hoshiarpur India,ALLEN.BUTTERFIELD@sakilacustomer.org,ALLEN,BUTTERFIELD,2
413,126 Acua Parkway Berhampore (Baharampur) India,MARVIN.YEE@sakilacustomer.org,MARVIN,YEE,2
414,397 Sunnyvale Avenue Allende Mexico,VINCENT.RALSTON@sakilacustomer.org,VINCENT,RALSTON,1
415,992 Klerksdorp Loop Amersfoort Netherlands,GLENN.PULLEN@sakilacustomer.org,GLENN,PULLEN,1
416,966 Arecibo Loop Dadu Pakistan,JEFFERY.PINSON@sakilacustomer.org,JEFFERY,PINSON,2
417,289 Santo Andr Manor al-Qatif Saudi Arabia,TRAVIS.ESTEP@sakilacustomer.org,TRAVIS,ESTEP,1
418,437 Chungho Drive San Felipe de Puerto Plata Dominican Republic,JEFF.EAST@sakilacustomer.org,JEFF,EAST,2
419,1948 Bayugan Parkway Katihar India,CHAD.CARBONE@sakilacustomer.org,CHAD,CARBONE,1
420,1866 al-Qatif Avenue El Monte United States,JACOB.LANCE@sakilacustomer.org,JACOB,LANCE,1
421,1661 Abha Drive Pudukkottai India,LEE.HAWKS@sakilacustomer.org,LEE,HAWKS,1
422,1557 Cape Coral Parkway Laohekou China,MELVIN.ELLINGTON@sakilacustomer.org,MELVIN,ELLINGTON,1
423,1727 Matamoros Place Sawhaj Egypt,ALFRED.CASILLAS@sakilacustomer.org,ALFRED,CASILLAS,2
424,1269 Botosani Manor Shanwei China,KYLE.SPURLOCK@sakilacustomer.org,KYLE,SPURLOCK,2
425,355 Vitria de Santo Anto Way San Juan Bautista Tuxtepec Mexico,FRANCIS.SIKES@sakilacustomer.org,FRANCIS,SIKES,2
426,1596 Acua Parkway Purnea (Purnia) India,BRADLEY.MOTLEY@sakilacustomer.org,BRADLEY,MOTLEY,1
427,259 Ipoh Drive Guaruj Brazil,JESUS.MCCARTNEY@sakilacustomer.org,JESUS,MCCARTNEY,2
428,1823 Hoshiarpur Lane Syktyvkar Russian Federation,HERBERT.KRUGER@sakilacustomer.org,HERBERT,KRUGER,2
429,1404 Taguig Drive Tsuyama Japan,FREDERICK.ISBELL@sakilacustomer.org,FREDERICK,ISBELL,2
430,740 Udaipur Lane Dzerzinsk Russian Federation,RAY.HOULE@sakilacustomer.org,RAY,HOULE,1
431,287 Cuautla Boulevard Sucre Bolivia,JOEL.FRANCISCO@sakilacustomer.org,JOEL,FRANCISCO,2
432,1766 Almirante Brown Street Newcastle South Africa,EDWIN.BURK@sakilacustomer.org,EDWIN,BURK,1
433,596 Huixquilucan Place Naala-Porto Mozambique,DON.BONE@sakilacustomer.org,DON,BONE,1
434,1351 Aparecida de Goinia Parkway Ozamis Philippines,EDDIE.TOMLIN@sakilacustomer.org,EDDIE,TOMLIN,1
435,722 Bradford Lane Junan China,RICKY.SHELBY@sakilacustomer.org,RICKY,SHELBY,2
436,983 Santa F Way Vancouver Canada,TROY.QUIGLEY@sakilacustomer.org,TROY,QUIGLEY,1
437,1245 Ibirit Way La Romana Dominican Republic,RANDALL.NEUMANN@sakilacustomer.org,RANDALL,NEUMANN,2
438,1836 Korla Parkway Kitwe Zambia,BARRY.LOVELACE@sakilacustomer.org,BARRY,LOVELACE,1
439,231 Kaliningrad Place Bergamo Italy,ALEXANDER.FENNELL@sakilacustomer.org,ALEXANDER,FENNELL,2
440,495 Bhimavaram Lane Dhule (Dhulia) India,BERNARD.COLBY@sakilacustomer.org,BERNARD,COLBY,1
441,1924 Shimonoseki Drive Batna Algeria,MARIO.CHEATHAM@sakilacustomer.org,MARIO,CHEATHAM,1
442,105 Dzerzinsk Manor Tongliao China,LEROY.BUSTAMANTE@sakilacustomer.org,LEROY,BUSTAMANTE,1
443,614 Denizli Parkway So Leopoldo Brazil,FRANCISCO.SKIDMORE@sakilacustomer.org,FRANCISCO,SKIDMORE,2
444,1289 Belm Boulevard Tartu Estonia,MARCUS.HIDALGO@sakilacustomer.org,MARCUS,HIDALGO,2
445,203 Tambaram Street Escobar Argentina,MICHEAL.FORMAN@sakilacustomer.org,MICHEAL,FORMAN,1
446,1704 Tambaram Manor Uluberia India,THEODORE.CULP@sakilacustomer.org,THEODORE,CULP,2
447,207 Cuernavaca Loop Nabereznyje Telny Russian Federation,CLIFFORD.BOWENS@sakilacustomer.org,CLIFFORD,BOWENS,1
448,319 Springs Loop Erlangen Germany,MIGUEL.BETANCOURT@sakilacustomer.org,MIGUEL,BETANCOURT,1
449,956 Nam Dinh Manor Sirjan Iran,OSCAR.AQUINO@sakilacustomer.org,OSCAR,AQUINO,2
450,1947 Paarl Way Surakarta Indonesia,JAY.ROBB@sakilacustomer.org,JAY,ROBB,1
451,814 Simferopol Loop El Fuerte Mexico,JIM.REA@sakilacustomer.org,JIM,REA,1
452,535 Ahmadnagar Manor Abu Dhabi United Arab Emirates,TOM.MILNER@sakilacustomer.org,TOM,MILNER,1
453,138 Caracas Boulevard Maracabo Venezuela,CALVIN.MARTEL@sakilacustomer.org,CALVIN,MARTEL,1
454,251 Florencia Drive Uruapan Mexico,ALEX.GRESHAM@sakilacustomer.org,ALEX,GRESHAM,2
455,659 Gatineau Boulevard El Alto Bolivia,JON.WILES@sakilacustomer.org,JON,WILES,2
456,1889 Valparai Way Ziguinchor Senegal,RONNIE.RICKETTS@sakilacustomer.org,RONNIE,RICKETTS,2
457,1485 Bratislava Place Rockford United States,BILL.GAVIN@sakilacustomer.org,BILL,GAVIN,2
458,935 Aden Boulevard Tegal Indonesia,LLOYD.DOWD@sakilacustomer.org,LLOYD,DOWD,1
459,76 Kermanshah Manor Qomsheh Iran,TOMMY.COLLAZO@sakilacustomer.org,TOMMY,COLLAZO,1
460,734 Tanshui Avenue Florencia Colombia,LEON.BOSTIC@sakilacustomer.org,LEON,BOSTIC,1
461,118 Jaffna Loop Gingoog Philippines,DEREK.BLAKELY@sakilacustomer.org,DEREK,BLAKELY,1
462,1621 Tongliao Avenue Usolje-Sibirskoje Russian Federation,WARREN.SHERROD@sakilacustomer.org,WARREN,SHERROD,2
463,1844 Usak Avenue Halifax Canada,DARRELL.POWER@sakilacustomer.org,DARRELL,POWER,2
464,1872 Toulon Loop Rancagua Chile,JEROME.KENYON@sakilacustomer.org,JEROME,KENYON,1
465,1088 Ibirit Place Zapopan Mexico,FLOYD.GANDY@sakilacustomer.org,FLOYD,GANDY,1
466,1322 Mosul Parkway Dongying China,LEO.EBERT@sakilacustomer.org,LEO,EBERT,1
467,1447 Chatsworth Place Cuauhtmoc Mexico,ALVIN.DELOACH@sakilacustomer.org,ALVIN,DELOACH,2
468,1257 Guadalajara Street Bijapur India,TIM.CARY@sakilacustomer.org,TIM,CARY,1
469,1469 Plock Lane Ourense (Orense) Spain,WESLEY.BULL@sakilacustomer.org,WESLEY,BULL,2
470,434 Ourense (Orense) Manor Hodeida Yemen,GORDON.ALLARD@sakilacustomer.org,GORDON,ALLARD,1
471,270 Tambaram Parkway Johannesburg South Africa,DEAN.SAUER@sakilacustomer.org,DEAN,SAUER,1
472,1786 Salinas Place Nam Dinh Vietnam,GREG.ROBINS@sakilacustomer.org,GREG,ROBINS,1
473,1078 Stara Zagora Drive Lhokseumawe Indonesia,JORGE.OLIVARES@sakilacustomer.org,JORGE,OLIVARES,2
474,1854 Okara Boulevard Emmen Netherlands,DUSTIN.GILLETTE@sakilacustomer.org,DUSTIN,GILLETTE,2
475,421 Yaound Street ostka Ukraine,PEDRO.CHESTNUT@sakilacustomer.org,PEDRO,CHESTNUT,2
476,1153 Allende Way Gatineau Canada,DERRICK.BOURQUE@sakilacustomer.org,DERRICK,BOURQUE,1
477,808 Naala-Porto Parkway Stockport United Kingdom,DAN.PAINE@sakilacustomer.org,DAN,PAINE,1
478,632 Usolje-Sibirskoje Parkway Ashqelon Israel,LEWIS.LYMAN@sakilacustomer.org,LEWIS,LYMAN,1
479,98 Pyongyang Boulevard Akron United States,ZACHARY.HITE@sakilacustomer.org,ZACHARY,HITE,1
480,984 Novoterkassk Loop Gaziantep Turkey,COREY.HAUSER@sakilacustomer.org,COREY,HAUSER,1
481,64 Korla Street Mwanza Tanzania,HERMAN.DEVORE@sakilacustomer.org,HERMAN,DEVORE,1
482,1785 So Bernardo do Campo Street Coatzacoalcos Mexico,MAURICE.CRAWLEY@sakilacustomer.org,MAURICE,CRAWLEY,1
483,698 Jelets Boulevard Denizli Turkey,VERNON.CHAPA@sakilacustomer.org,VERNON,CHAPA,2
484,1297 Alvorada Parkway Yinchuan China,ROBERTO.VU@sakilacustomer.org,ROBERTO,VU,1
485,1909 Dayton Avenue Shaoguan China,CLYDE.TOBIAS@sakilacustomer.org,CLYDE,TOBIAS,1
486,1789 Saint-Denis Parkway Acua Mexico,GLEN.TALBERT@sakilacustomer.org,GLEN,TALBERT,1
487,185 Mannheim Lane Pjatigorsk Russian Federation,HECTOR.POINDEXTER@sakilacustomer.org,HECTOR,POINDEXTER,2
488,184 Mandaluyong Street La Paz Mexico,SHANE.MILLARD@sakilacustomer.org,SHANE,MILLARD,2
489,591 Sungai Petani Drive Okayama Japan,RICARDO.MEADOR@sakilacustomer.org,RICARDO,MEADOR,1
490,656 Matamoros Drive Sogamoso Colombia,SAM.MCDUFFIE@sakilacustomer.org,SAM,MCDUFFIE,1
491,775 ostka Drive Mit Ghamr Egypt,RICK.MATTOX@sakilacustomer.org,RICK,MATTOX,2
492,1013 Tabuk Boulevard Kanchrapara India,LESTER.KRAUS@sakilacustomer.org,LESTER,KRAUS,2
493,319 Plock Parkway Sultanbeyli Turkey,BRENT.HARKINS@sakilacustomer.org,BRENT,HARKINS,1
494,1954 Kowloon and New Kowloon Way Robamba Ecuador,RAMON.CHOATE@sakilacustomer.org,RAMON,CHOATE,2
495,362 Rajkot Lane Baiyin China,CHARLIE.BESS@sakilacustomer.org,CHARLIE,BESS,2
496,1060 Tandil Lane Rizhao China,TYLER.WREN@sakilacustomer.org,TYLER,WREN,2
497,1515 Korla Way York United Kingdom,GILBERT.SLEDGE@sakilacustomer.org,GILBERT,SLEDGE,2
498,1416 San Juan Bautista Tuxtepec Avenue Salala Oman,GENE.SANBORN@sakilacustomer.org,GENE,SANBORN,1
499,1 Valle de Santiago Avenue Brindisi Italy,MARC.OUTLAW@sakilacustomer.org,MARC,OUTLAW,2
500,519 Brescia Parkway Madiun Indonesia,REGINALD.KINDER@sakilacustomer.org,REGINALD,KINDER,1
501,414 Mandaluyong Street Lublin Poland,RUBEN.GEARY@sakilacustomer.org,RUBEN,GEARY,1
502,1197 Sokoto Boulevard Siliguri (Shiliguri) India,BRETT.CORNWELL@sakilacustomer.org,BRETT,CORNWELL,1
503,496 Celaya Drive Ueda Japan,ANGEL.BARCLAY@sakilacustomer.org,ANGEL,BARCLAY,1
504,786 Matsue Way Joliet United States,NATHANIEL.ADAM@sakilacustomer.org,NATHANIEL,ADAM,1
505,48 Maracabo Place Talavera Philippines,RAFAEL.ABNEY@sakilacustomer.org,RAFAEL,ABNEY,1
506,1152 al-Qatif Lane Pontianak Indonesia,LESLIE.SEWARD@sakilacustomer.org,LESLIE,SEWARD,2
507,1269 Ipoh Avenue Eskisehir Turkey,EDGAR.RHOADS@sakilacustomer.org,EDGAR,RHOADS,2
508,758 Korolev Parkway Vijayawada India,MILTON.HOWLAND@sakilacustomer.org,MILTON,HOWLAND,2
509,1747 Rustenburg Place Chapra India,RAUL.FORTIER@sakilacustomer.org,RAUL,FORTIER,1
510,886 Tonghae Place Kamyin Russian Federation,BEN.EASTER@sakilacustomer.org,BEN,EASTER,2
511,1574 Goinia Boulevard Suihua China,CHESTER.BENNER@sakilacustomer.org,CHESTER,BENNER,1
512,548 Uruapan Street London United Kingdom,CECIL.VINES@sakilacustomer.org,CECIL,VINES,1
513,962 Tama Loop Yangor Nauru,DUANE.TUBBS@sakilacustomer.org,DUANE,TUBBS,2
514,1778 Gijn Manor Zaoyang China,FRANKLIN.TROUTMAN@sakilacustomer.org,FRANKLIN,TROUTMAN,2
515,568 Dhule (Dhulia) Loop Coquimbo Chile,ANDRE.RAPP@sakilacustomer.org,ANDRE,RAPP,1
516,1768 Udine Loop Battambang Cambodia,ELMER.NOE@sakilacustomer.org,ELMER,NOE,2
517,608 Birgunj Parkway Chungho Taiwan,BRAD.MCCURDY@sakilacustomer.org,BRAD,MCCURDY,2
518,680 A Corua (La Corua) Manor Sivas Turkey,GABRIEL.HARDER@sakilacustomer.org,GABRIEL,HARDER,1
519,1949 Sanya Street Isesaki Japan,RON.DELUCA@sakilacustomer.org,RON,DELUCA,2
520,617 Klerksdorp Place Nha Trang Vietnam,MITCHELL.WESTMORELAND@sakilacustomer.org,MITCHELL,WESTMORELAND,2
521,1993 0 Loop Yingkou China,ROLAND.SOUTH@sakilacustomer.org,ROLAND,SOUTH,2
522,1176 Southend-on-Sea Manor Santa Rosa Philippines,ARNOLD.HAVENS@sakilacustomer.org,ARNOLD,HAVENS,2
523,600 Purnea (Purnia) Avenue Vinh Vietnam,HARVEY.GUAJARDO@sakilacustomer.org,HARVEY,GUAJARDO,1
524,1003 Qinhuangdao Street Purwakarta Indonesia,JARED.ELY@sakilacustomer.org,JARED,ELY,1
525,1986 Sivas Place Udine Italy,ADRIAN.CLARY@sakilacustomer.org,ADRIAN,CLARY,2
526,1427 Tabuk Place Cape Coral United States,KARL.SEAL@sakilacustomer.org,KARL,SEAL,2
527,556 Asuncin Way Mogiljov Belarus,CORY.MEEHAN@sakilacustomer.org,CORY,MEEHAN,1
528,486 Ondo Parkway Benguela Angola,CLAUDE.HERZOG@sakilacustomer.org,CLAUDE,HERZOG,1
529,635 Brest Manor Bhimavaram India,ERIK.GUILLEN@sakilacustomer.org,ERIK,GUILLEN,2
530,166 Jinchang Street Ezeiza Argentina,DARRYL.ASHCRAFT@sakilacustomer.org,DARRYL,ASHCRAFT,2
531,958 Sagamihara Lane Kuwana Japan,JAMIE.WAUGH@sakilacustomer.org,JAMIE,WAUGH,2
532,1817 Livorno Way Cam Ranh Vietnam,NEIL.RENNER@sakilacustomer.org,NEIL,RENNER,2
533,1332 Gaziantep Lane Binzhou China,JESSIE.MILAM@sakilacustomer.org,JESSIE,MILAM,1
534,949 Allende Lane Amroha India,CHRISTIAN.JUNG@sakilacustomer.org,CHRISTIAN,JUNG,1
535,195 Ilorin Street NDjamna Chad,JAVIER.ELROD@sakilacustomer.org,JAVIER,ELROD,1
536,193 Bhusawal Place Tonghae South Korea,FERNANDO.CHURCHILL@sakilacustomer.org,FERNANDO,CHURCHILL,2
537,43 Vilnius Manor Aurora United States,CLINTON.BUFORD@sakilacustomer.org,CLINTON,BUFORD,2
538,183 Haiphong Street Baicheng China,TED.BREAUX@sakilacustomer.org,TED,BREAUX,2
539,163 Augusta-Richmond County Loop Valencia Venezuela,MATHEW.BOLIN@sakilacustomer.org,MATHEW,BOLIN,1
540,191 Jos Azueta Parkway Ruse Bulgaria,TYRONE.ASHER@sakilacustomer.org,TYRONE,ASHER,1
541,379 Lublin Parkway Livorno Italy,DARREN.WINDHAM@sakilacustomer.org,DARREN,WINDHAM,2
542,1658 Cuman Loop Pangkal Pinang Indonesia,LONNIE.TIRADO@sakilacustomer.org,LONNIE,TIRADO,2
543,454 Qinhuangdao Drive Beni-Mellal Morocco,LANCE.PEMBERTON@sakilacustomer.org,LANCE,PEMBERTON,1
544,1715 Okayama Street So Bernardo do Campo Brazil,CODY.NOLEN@sakilacustomer.org,CODY,NOLEN,2
545,182 Nukualofa Drive Konotop Ukraine,JULIO.NOLAND@sakilacustomer.org,JULIO,NOLAND,2
546,390 Wroclaw Way Sanya China,KELLY.KNOTT@sakilacustomer.org,KELLY,KNOTT,1
547,1421 Quilmes Lane Kanazawa Japan,KURT.EMMONS@sakilacustomer.org,KURT,EMMONS,1
548,947 Trshavn Place Tarlac Philippines,ALLAN.CORNISH@sakilacustomer.org,ALLAN,CORNISH,1
549,1764 Jalib al-Shuyukh Parkway Santiago de Compostela Spain,NELSON.CHRISTENSON@sakilacustomer.org,NELSON,CHRISTENSON,1
550,346 Cam Ranh Avenue Zhoushan China,GUY.BROWNLEE@sakilacustomer.org,GUY,BROWNLEE,2
551,1407 Pachuca de Soto Place Alvorada Brazil,CLAYTON.BARBEE@sakilacustomer.org,CLAYTON,BARBEE,2
552,904 Clarksville Drive Haining China,HUGH.WALDROP@sakilacustomer.org,HUGH,WALDROP,2
553,1917 Kumbakonam Parkway Novi Sad Yugoslavia,MAX.PITT@sakilacustomer.org,MAX,PITT,1
554,1447 Imus Place Rajkot India,DWAYNE.OLVERA@sakilacustomer.org,DWAYNE,OLVERA,1
555,1497 Fengshan Drive Chatsworth South Africa,DWIGHT.LOMBARDI@sakilacustomer.org,DWIGHT,LOMBARDI,1
556,869 Shikarpur Way Southport United Kingdom,ARMANDO.GRUBER@sakilacustomer.org,ARMANDO,GRUBER,2
557,1059 Yuncheng Avenue Vilnius Lithuania,FELIX.GAFFNEY@sakilacustomer.org,FELIX,GAFFNEY,1
558,505 Madiun Boulevard Wroclaw Poland,JIMMIE.EGGLESTON@sakilacustomer.org,JIMMIE,EGGLESTON,1
559,1741 Hoshiarpur Boulevard Bilbays Egypt,EVERETT.BANDA@sakilacustomer.org,EVERETT,BANDA,2
560,1229 Varanasi (Benares) Manor Avellaneda Argentina,JORDAN.ARCHULETA@sakilacustomer.org,JORDAN,ARCHULETA,1
561,1894 Boa Vista Way Garland United States,IAN.STILL@sakilacustomer.org,IAN,STILL,2
562,1342 Sharja Way Sokoto Nigeria,WALLACE.SLONE@sakilacustomer.org,WALLACE,SLONE,1
563,1342 Abha Boulevard Bucuresti Romania,KEN.PREWITT@sakilacustomer.org,KEN,PREWITT,2
564,415 Pune Avenue Xintai China,BOB.PFEIFFER@sakilacustomer.org,BOB,PFEIFFER,2
565,1746 Faaa Way Hunuco Peru,JAIME.NETTLES@sakilacustomer.org,JAIME,NETTLES,2
566,539 Hami Way Tokat Turkey,CASEY.MENA@sakilacustomer.org,CASEY,MENA,1
567,1407 Surakarta Manor Serpuhov Russian Federation,ALFREDO.MCADAMS@sakilacustomer.org,ALFREDO,MCADAMS,2
568,502 Mandi Bahauddin Parkway Barcelona Venezuela,ALBERTO.HENNING@sakilacustomer.org,ALBERTO,HENNING,2
569,1052 Pathankot Avenue Leshan China,DAVE.GARDINER@sakilacustomer.org,DAVE,GARDINER,2
570,1351 Sousse Lane Monclova Mexico,IVAN.CROMWELL@sakilacustomer.org,IVAN,CROMWELL,2
571,1501 Pangkal Pinang Avenue Plock Poland,JOHNNIE.CHISHOLM@sakilacustomer.org,JOHNNIE,CHISHOLM,2
572,1405 Hagonoy Avenue Czestochowa Poland,SIDNEY.BURLESON@sakilacustomer.org,SIDNEY,BURLESON,1
573,521 San Juan Bautista Tuxtepec Place Zhezqazghan Kazakstan,BYRON.BOX@sakilacustomer.org,BYRON,BOX,1
574,923 Tangail Boulevard Akishima Japan,JULIAN.VEST@sakilacustomer.org,JULIAN,VEST,2
575,186 Skikda Lane Cuernavaca Mexico,ISAAC.OGLESBY@sakilacustomer.org,ISAAC,OGLESBY,2
576,1568 Celaya Parkway Fengshan Taiwan,MORRIS.MCCARTER@sakilacustomer.org,MORRIS,MCCARTER,2
577,1489 Kakamigahara Lane Tanshui Taiwan,CLIFTON.MALCOLM@sakilacustomer.org,CLIFTON,MALCOLM,2
578,1819 Alessandria Loop Carmen Mexico,WILLARD.LUMPKIN@sakilacustomer.org,WILLARD,LUMPKIN,2
579,1208 Tama Loop Mosul Iraq,DARYL.LARUE@sakilacustomer.org,DARYL,LARUE,2
580,951 Springs Lane Iligan Philippines,ROSS.GREY@sakilacustomer.org,ROSS,GREY,1
581,760 Miyakonojo Drive Jos Azueta Mexico,VIRGIL.WOFFORD@sakilacustomer.org,VIRGIL,WOFFORD,1
582,966 Asuncin Way Huejutla de Reyes Mexico,ANDY.VANHORN@sakilacustomer.org,ANDY,VANHORN,2
583,1584 Ljubertsy Lane Southampton United Kingdom,MARSHALL.THORN@sakilacustomer.org,MARSHALL,THORN,1
584,247 Jining Parkway Banjul Gambia,SALVADOR.TEEL@sakilacustomer.org,SALVADOR,TEEL,2
585,773 Dallas Manor Quilmes Argentina,PERRY.SWAFFORD@sakilacustomer.org,PERRY,SWAFFORD,1
586,1923 Stara Zagora Lane Tsaotun Taiwan,KIRK.STCLAIR@sakilacustomer.org,KIRK,STCLAIR,1
587,1402 Zanzibar Boulevard Celaya Mexico,SERGIO.STANFIELD@sakilacustomer.org,SERGIO,STANFIELD,1
588,1464 Kursk Parkway Weifang China,MARION.OCAMPO@sakilacustomer.org,MARION,OCAMPO,1
589,1074 Sanaa Parkway Loja Ecuador,TRACY.HERRMANN@sakilacustomer.org,TRACY,HERRMANN,1
590,1759 Niznekamsk Avenue al-Manama Bahrain,SETH.HANNON@sakilacustomer.org,SETH,HANNON,2
591,32 Liaocheng Way Juiz de Fora Brazil,KENT.ARSENAULT@sakilacustomer.org,KENT,ARSENAULT,1
592,42 Fontana Avenue Szkesfehrvr Hungary,TERRANCE.ROUSH@sakilacustomer.org,TERRANCE,ROUSH,1
593,1895 Zhezqazghan Drive Garden Grove United States,RENE.MCALISTER@sakilacustomer.org,RENE,MCALISTER,2
594,1837 Kaduna Parkway Jining China,EDUARDO.HIATT@sakilacustomer.org,EDUARDO,HIATT,1
595,844 Bucuresti Place Jinzhou China,TERRENCE.GUNDERSON@sakilacustomer.org,TERRENCE,GUNDERSON,1
596,1101 Bucuresti Boulevard Patras Greece,ENRIQUE.FORSYTHE@sakilacustomer.org,ENRIQUE,FORSYTHE,1
597,1103 Quilmes Boulevard Sullana Peru,FREDDIE.DUGGAN@sakilacustomer.org,FREDDIE,DUGGAN,1
598,1331 Usak Boulevard Lausanne Switzerland,WADE.DELVALLE@sakilacustomer.org,WADE,DELVALLE,1
599,1325 Fukuyama Street Tieli China,AUSTIN.CINTRON@sakilacustomer.org,AUSTIN,CINTRON,2
