{"staff_id":1,"email":"Mike.Hillyer@sakilastaff.com","store_id":1,"active":true,"username":"Mike","password":"8cb2237d0679ca88db6464eac60da96345513964","picture":"\\\\x89504e470d0a5a0a","address":{"address":"23 Workhaven Lane","city":"Lethbridge","country":"Canada","postal_code":"","phone":"14033335568"}}
{"staff_id":2,"email":"Jon.Stephens@sakilastaff.com","store_id":2,"active":true,"username":"Jon","password":"8cb2237d0679ca88db6464eac60da96345513964","picture":null,"address":{"address":"1411 Lillydale Drive","city":"Woodridge","country":"Australia","postal_code":"","phone":"6172235589"}}
