﻿MARTIN;4868
MOREAU;4046
MENARD;3854
PINEAU;3081
POIRIER;2934
RICHARD;2605
ROUSSEAU;2488
PASQUIER;2456
DURAND;2309
GIRARD;2292
CESBRON;2234
RAIMBAULT;2163
ROBERT;2115
CHEVALIER;2095
DELAUNAY;2062
GAUTIER;2061
HUMEAU;2023
DAVID;2019
THOMAS;1928
BELLANGER;1798
GOURDON;1792
OGER;1728
MANCEAU;1715
ROBIN;1694
GUERIN;1636
MARCHAND;1595
LAMBERT;1594
CHIRON;1575
TERRIEN;1558
MORIN;1531
CHUPIN;1512
PAPIN;1512
RENOU;1506
BARRE;1491
CAILLEAU;1481
VINCENT;1475
CHAUVEAU;1466
TESSIER;1462
MERCIER;1426
MARTINEAU;1403
DUPONT;1400
CHARRIER;1374
LEROY;1365
BESNARD;1354
FONTENEAU;1299
ONILLON;1275
GAUDIN;1273
ALLARD;1251
BARON;1227
BOUTIN;1216
SOULARD;1213
CHENE;1211
MAILLET;1190
DAVY;1189
BERNARD;1181
GALLARD;1180
THIBAULT;1162
LOISEAU;1157
RETAILLEAU;1144
FROGER;1141
BERNIER;1110
COURANT;1105
GRIMAULT;1104
ESNAULT;1083
GUILLET;1082
PELTIER;1080
BLOUIN;1055
MACE;1052
BODIN;1046
HUET;1043
ALBERT;1041
BERTHELOT;1038
OUVRARD;1037
LEROUX;1034
BUREAU;1031
GARNIER;1028
RETHORE;1022
CADEAU;1020
BOURGEAIS;1020
SOURICE;1016
HERVE;1014
DENIS;1011
BOUVET;1010
LANDREAU;1003
SIMON;1001
RIPOCHE;980
LEFORT;968
BLANCHARD;963
AUGEREAU;959
ROY;953
DUBOIS;939
BOUYER;911
AUDOUIN;911
CHEVALLIER;910
LECOMTE;909
CHAUVIN;903
GROLLEAU;893
SAMSON;893
MERLET;887
GASNIER;878
LUCAS;870
BROCHARD;869
LEBRETON;862
MICHEL;855
PETIT;855
BIGOT;854
BIDET;851
VIGNERON;845
LEBRUN;845
FROUIN;843
CHOUTEAU;841
GAUTHIER;839
BONDU;838
PETITEAU;838
BRUNEAU;833
GAULTIER;831
DIXNEUF;823
CAILLAUD;823
BESSON;823
ROCHARD;818
LEMOINE;816
DROUET;814
COUSSEAU;810
PITON;808
NEAU;808
COIFFARD;802
LARDEUX;800
BRAULT;798
BERTRAND;792
GILBERT;790
BARANGER;785
METAYER;781
AUBRY;780
JARRY;778
BRAUD;777
GROSBOIS;773
CHARTIER;767
GUIBERT;764
PERRAULT;763
MAUDET;762
BOSSARD;760
LECLERC;759
FOURNIER;751
BEAUMONT;750
HERAULT;750
ROBINEAU;749
BARREAU;746
GODINEAU;743
BOUCHET;742
SECHET;741
SECHER;740
MASSON;740
MARY;736
GARREAU;731
HARDOUIN;717
CLEMOT;711
BAUDRY;708
FOUCHER;700
COUSIN;697
GUITTON;694
ROGER;693
MALINGE;692
MORINIERE;692
LEGER;691
GIRAULT;686
BRUNET;683
BRETAUDEAU;682
BOURGET;681
GASTINEAU;676
BAUMARD;674
CARRE;672
GELINEAU;667
MONNIER;667
JOLIVET;663
HAMON;660
GABORIAU;656
RONDEAU;654
METIVIER;654
BRETON;652
GOHIER;652
RAVENEAU;650
ROYER;649
GUILLOT;644
MEUNIER;640
GIRARDEAU;638
GODET;636
LEBLANC;630
SUPIOT;629
MORILLE;628
HAMARD;624
BREHERET;621
DEFOIS;618
BABIN;616
POUPARD;614
BRIAND;614
GODARD;613
BORE;608
JOUBERT;599
CHAILLOU;597
CHARBONNIER;595
JAMIN;594
CHATEAU;586
TRICOIRE;584
GREGOIRE;575
BEDOUET;574
BOSSE;572
BOISSEAU;572
TOUBLANC;572
BRIN;569
LAUNAY;569
COLAS;569
COUTANT;566
BIOTTEAU;565
BROUARD;564
BODET;562
GAILLARD;559
BOURIGAULT;557
ANTIER;556
DEROUET;556
BANCHEREAU;556
THARREAU;555
NEVEU;554
TIJOU;552
CASSIN;550
CHEVET;549
PEAN;548
PIRON;548
BREMOND;547
HUBERT;547
BOURCIER;546
BREGEON;544
GRIFFON;544
BENETEAU;541
RENAULT;539
BENOIST;534
LAURENT;534
ROUX;530
BONNEAU;530
BODINEAU;527
POILANE;522
GABORIT;521
RENARD;518
CHAUVAT;515
GODIN;514
BOUET;512
JOLY;509
HAMELIN;508
FARDEAU;504
CORMIER;504
NICOLAS;501
BOUMARD;500
BODY;500
GUILLOTEAU;499
AUBERT;499
BOURREAU;498
BOISSINOT;497
COCHARD;497
BREBION;496
LEDUC;496
CHAUVIRE;495
GRASSET;495
DELAHAYE;495
GUILLON;495
BOUVIER;494
COTTENCEAU;492
DUVAL;491
DUPUIS;491
LUSSON;489
BONNET;489
BOMPAS;487
RICOU;487
GABARD;485
VIAU;484
BESNIER;484
BREVET;483
DELESTRE;482
FORTIN;482
BRANCHEREAU;481
VERRON;481
GUIGNARD;481
OLIVIER;481
DUPE;479
MAUSSION;478
PERDRIAU;478
BOUCHER;476
LANDAIS;471
JOUSSET;471
BLOND;468
BRISSET;468
LEMESLE;467
GRELLIER;466
AVRIL;465
GUILLEUX;464
FOURRIER;463
NOYER;462
GIRAUD;462
DUVEAU;461
BILLAUD;461
SORIN;461
BROSSARD;459
MURZEAU;458
RABIN;458
BAUDOUIN;455
GUILBAULT;454
AUBIN;454
LELIEVRE;454
NAUD;454
PLANCHENAULT;454
LEVRON;453
GAIGNARD;453
FRADIN;451
ABELARD;450
GUERY;450
FRESNEAU;449
BROSSET;449
THIERRY;449
CAMUS;449
GOUJON;446
MARAIS;445
CHESNEAU;443
MORICEAU;443
SALMON;441
RENAUD;441
DERSOIR;440
GRIMAUD;439
VAILLANT;438
LERAY;435
BOULAY;434
EMERIAU;433
DABIN;433
CHARRON;433
CLEMENT;429
BLOT;427
BURON;426
DELEPINE;423
PIOU;423
BROSSIER;423
ALLAIN;421
GAZEAU;418
BOUTEILLER;418
PELE;417
BELLIARD;417
DESLANDES;417
BOUDAUD;417
BEDUNEAU;416
SUTEAU;416
CHERBONNIER;415
RICHOU;414
BLIN;414
BOUSSEAU;409
BOURASSEAU;407
BENOIT;407
MASSE;406
COURTIN;405
GUEDON;405
VALLEE;405
BABONNEAU;404
CLEMENCEAU;402
GUEMAS;400
ROUSSELOT;400
ALLAIRE;400
GRAVELEAU;398
CHAUVIGNE;395
JEANNEAU;395
VOISINE;394
SOURISSEAU;394
AUGER;394
MAROLLEAU;393
FREMONT;393
BONNIN;391
POHU;390
JOUET;390
LOIZEAU;388
COUET;388
LEGEAY;388
MERAND;388
CHARBONNEAU;388
MEIGNAN;386
GUICHETEAU;386
GEORGET;386
CHRETIEN;385
VERON;384
LAMY;384
MICHAUD;384
GASTE;383
GUICHARD;383
RAMBAUD;382
FERCHAUD;379
BOUREAU;379
DURET;379
DOISNEAU;378
MORON;378
MADIOT;377
VASLIN;377
BRICARD;376
LAURENDEAU;376
LEMONNIER;375
SEJOURNE;374
POULAIN;374
GABILLARD;372
PORCHER;372
DEVANNE;371
GUYON;369
BELLIER;369
BARBOT;368
SUBILEAU;365
BOIVIN;365
GALISSON;364
GENDRON;362
VERGER;362
ROCHAIS;361
ROBICHON;360
CORDIER;360
GAUDICHEAU;358
JURET;358
GUILLOU;358
BOUSSION;357
FERRON;356
PICHON;356
RABOUIN;354
GUIET;354
PRIOU;354
LEBOUCHER;354
ANDRE;354
DENECHERE;353
RABINEAU;353
PLARD;353
PROVOST;353
CHOLET;353
MARQUIS;353
PICHERIT;352
JOBARD;352
HUCHON;352
AUDUREAU;351
BOUCHEREAU;351
FRANCOIS;350
PROD HOMME;349
DENIAU;349
ANGEBAULT;347
DUTERTRE;347
FRIBAULT;346
MAHE;346
RAUTUREAU;344
FILLAUDEAU;344
SAUVETRE;344
JEANNETEAU;344
LEGENDRE;344
RETIF;343
JOUSSELIN;342
GAUTREAU;342
BARRAULT;341
BEAUFRETON;339
TOURNEUX;337
PELLETIER;337
GOURICHON;336
DESCHAMPS;336
LANGLAIS;335
MUSSET;335
GILLET;335
PRODHOMME;334
POISSON;333
MORILLON;333
BARBIER;333
GAUGAIN;331
DENECHEAU;330
BRARD;330
FONTAINE;330
MOSSET;329
TROTTIER;328
CHARDON;328
CHAPEAU;327
CHARRUAU;326
GERARD;326
PLASSAIS;325
GUERIF;325
BOURDIN;325
CHAUSSEPIED;324
COLINEAU;323
FOULONNEAU;323
MEME;322
PAUVERT;321
ROUILLARD;319
RABOUAN;319
CHAUVIERE;319
BIOTEAU;318
GANDON;318
JOULAIN;315
GOURAUD;315
GESLIN;315
VINET;315
COUE;314
ROCHER;314
PLESSIS;314
GACHET;313
ROTUREAU;312
FREMONDIERE;310
TRICOT;310
FAVREAU;309
NORMAND;309
GABORIEAU;308
LEGRAS;308
LEVEQUE;308
POIRON;307
COULON;307
BROSSEAU;306
BIROT;306
DOUET;306
MAUGIN;305
FERRE;305
BUFFARD;305
NERRIERE;304
FORGET;304
GILLOT;304
BURGEVIN;304
BLANCHET;304
BREMAUD;303
DRAPEAU;303
PROUST;303
FREULON;302
GENTILHOMME;302
TOUCHET;302
DILE;301
VIVION;301
LECHAT;301
BILLY;301
TAVEAU;300
CHEVRIER;300
BOCHEREAU;299
REULIER;299
BOISDRON;297
BEAUPERE;295
PLOQUIN;295
POUPLARD;294
GASCHET;294
JOUIN;294
GREFFIER;294
LECOQ;293
CHALOPIN;293
PINON;292
LEFEVRE;292
REVEILLERE;291
BATTAIS;291
CHOLLET;291
SACHOT;290
GUINAUDEAU;289
CERISIER;288
FOUILLET;288
SIMONNEAU;288
VANNIER;288
GABORY;287
BIZON;287
DUPERRAY;287
ROUGER;287
TELLIER;285
GAGNEUX;285
AUDUSSEAU;284
SUREAU;283
RENIER;283
MAILLARD;282
FERRAND;282
DUBILLOT;281
BIGEARD;281
CELLIER;281
DUCHENE;280
ROLLAND;280
TUSSEAU;279
MATIGNON;279
BLAIN;279
RIVIERE;279
BOITEAU;278
COUTAND;278
MESNARD;277
DESBOIS;277
LIVENAIS;276
YOU;276
LEMASSON;276
BAZIN;276
AUDIAU;275
GIBOUIN;275
DELANOE;275
MESLET;275
RAPIN;275
ADAM;275
DELHUMEAU;273
PASQUEREAU;273
DUPUY;273
VIAUD;273
PERCHER;272
GOUIN;272
HARDY;272
PAQUEREAU;271
MIGNOT;271
LICOIS;269
TARDIF;269
CRESPIN;269
VITRE;268
DUCHESNE;268
GRENOUILLEAU;268
GUERRY;268
BOISARD;267
GODEFROY;267
SOYER;267
AMIOT;266
GUERET;266
VION;264
BEILLARD;262
BAUDIN;262
COQUEREAU;261
RIVEREAU;261
PALUSSIERE;261
CATROUX;261
CHATELAIN;261
MOULIN;260
PUAUD;259
JOLLIVET;259
TERRIER;259
BENESTEAU;258
BROUSSEAU;258
ARNOU;258
MERCERON;257
CRASNIER;256
REDUREAU;255
FAUCHEUX;255
GUILLEMET;254
BOURDAIS;254
DELORME;254
LEQUEUX;253
FOUQUET;253
JUTEAU;252
POITEVIN;252
MOREL;252
HUTEAU;251
ESSEUL;250
CORNILLEAU;250
PROUTEAU;250
GERMAIN;250
DANIEL;250
AUVINET;249
MARSAULT;249
COTTIER;249
HUCHET;249
COLLET;249
MARION;248
COCHET;248
BILLARD;248
CHESNE;247
JOULIN;247
GILLIER;247
BOURRIGAULT;246
NOURRY;246
JONCHERAY;245
MAHOT;245
COGNE;245
PICARD;245
NAULET;245
OSSANT;244
BOUTREUX;244
BONSERGENT;244
PINIER;244
GUINHUT;243
CHEVROLLIER;243
RIVRON;243
GATE;243
LAINE;243
ROCHE;243
BERTIN;243
BIDAULT;242
GUILLOUX;242
BARBEAU;241
RIGAUDEAU;240
PITHON;240
LAMOUREUX;240
REGNIER;240
BLANDIN;240
TAUGOURDEAU;239
DAVIAUD;239
COIGNARD;239
POINTEAU;239
BEAUSSIER;238
REVEAU;238
DUPRE;238
VITOUR;237
CHASLE;237
DABURON;237
MORINEAU;237
VERNEAU;237
CHAUVET;237
MAUGEAIS;236
LOISON;236
CHARLES;236
BERGER;236
OGEREAU;235
PIVETEAU;235
LEMEUNIER;235
RIOU;235
JACQUET;234
FORESTIER;234
BRILLET;233
ROCHEREAU;233
FOUCHARD;233
GAUCHER;233
SALLE;233
BOURGEOIS;233
AUBRON;232
DEVAUD;232
REPUSSARD;231
SUZANNE;231
RUAULT;231
REMOUE;231
BOURON;231
FLEURY;231
CHEVE;230
MENANTEAU;230
DUGAST;230
LEGRAND;230
BORDEAU;229
COUBARD;229
GOULET;229
AUBINEAU;228
COCHIN;228
ROUILLER;228
MOUSSEAU;227
CHEMINEAU;227
GUITTET;227
PINSON;227
LEGROS;227
CUSSONNEAU;226
HOUDEBINE;226
LEMER;226
MINGOT;226
BLOUDEAU;226
HUVELIN;225
VERDON;225
BEAUMARD;225
TURPAULT;225
BEZIE;224
ROUSSE;224
DELALANDE;223
GOUBAULT;222
CHALUMEAU;222
LORY;221
VINCENDEAU;221
JAMET;221
VOISIN;221
BAZANTAY;220
CHAIGNEAU;220
ORY;220
MAZE;220
BUSSON;219
AILLERIE;219
FLEURANCE;219
PIERRE;219
LENOIR;219
LEFEUVRE;218
SEGUIN;218
MALLET;218
BELOUIN;217
GILET;217
COULONNIER;216
DESHAIES;216
FOUCHE;216
ABLINE;215
DUBLE;215
LETORT;215
CROSNIER;215
HUAU;214
POUPELIN;214
ALIX;214
POISSONNEAU;213
DEROUINEAU;213
DIARD;213
HENRY;213
GUIMBRETIERE;212
MAINGUY;212
CHATAIGNER;212
POUPIN;212
LANGEVIN;212
THULEAU;211
GUILBAUD;211
PILET;211
MARTEAU;211
DROUIN;211
CHARPENTIER;211
BENARD;211
COGNEE;210
BITEAU;210
BODINIER;210
CHOTARD;210
DAVIAU;210
LOUIS;210
DELANOUE;210
AUDOIN;209
GRELIER;209
BOUSSARD;209
LIZE;209
LEMAITRE;209
TOURET;209
RIDEAU;209
MORISSET;208
SOUCHET;207
MARQUET;207
PELLERIN;207
PERRIN;207
BATARDIERE;206
BOULISSIERE;206
LANDELLE;206
BESSONNEAU;206
THEBAULT;206
ASSERAY;205
PAVAGEAU;205
LE GOFF;205
ROUAULT;204
HUDON;203
CAILLEAUD;203
JOLLY;203
FIEVRE;202
DUREAU;202
DELARUE;202
ALEXANDRE;202
TURPIN;202
GUYOT;202
VETAULT;201
BLANVILLAIN;201
BOULESTREAU;201
CORNU;201
BRUNELLIERE;200
MARIONNEAU;200
BINEAU;200
POTIER;200
PICHOT;200
PASQUET;199
BERTAUD;199
BOISSON;199
BOUGET;198
COURBET;198
HAY;198
DELAHAIE;198
MARIN;198
CHUDEAU;197
CLOCHARD;197
PHILIPPEAU;197
HERVOUET;197
BODIER;197
JUBEAU;197
LANGLOIS;197
BELANGER;196
MARCHAIS;196
LEPAGE;196
COUDRAY;195
EON;195
BARRAUD;195
COLIN;195
CARTIER;195
GILLES;194
DUFOUR;194
DEVY;193
MARSOLLIER;193
TRAINEAU;193
COTTIN;193
ABELLARD;192
GERMON;192
LIAIGRE;192
HEULIN;191
BRY;191
ROULLEAU;191
PREZELIN;190
VERDIER;190
BOUILLE;190
TAILLANDIER;190
PLACET;190
PILLET;190
GEORGES;190
LEBOUC;189
GAZON;189
CHALLET;189
GOUGEON;189
GOISNARD;188
GERFAULT;188
POIROUX;188
SOULLARD;188
PERDREAU;188
GUERINEAU;188
BIENVENU;188
CLAUDE;188
PRIEUR;188
LELOUP;187
CHAMPION;187
RAYMOND;187
FILLON;187
LHUMEAU;186
LIZEE;186
NAU;186
BURET;186
POMMIER;186
FRESNAIS;185
TIGNON;185
BRANCHU;185
PARIS;185
HAYE;185
SIGOGNE;184
HOUDAYER;184
CRETIN;184
DOLBEAU;183
BOURSIER;183
GUAIS;182
CHAILLOUX;182
BOISTAULT;181
DOUBLET;181
DELAPORTE;181
USUREAU;180
LIBEAU;180
MAINGOT;180
PICHARD;180
TAUNAY;179
PAYRAUDEAU;178
MAUGET;178
CADY;178
RAUD;178
FAUVEAU;178
BENAITEAU;177
GODICHEAU;177
FREMY;177
SICARD;177
ARNAUD;177
PIONNEAU;176
POUTIER;176
PIVERT;176
CHEREAU;176
TRILLOT;175
BRANGEON;175
DOUILLARD;175
DEFONTAINE;175
PORTIER;175
LANDEAU;175
RAPICAULT;174
CUREAU;174
BRU;174
BAUGE;174
LEROYER;173
HERISSE;173
GUESDON;173
MAROT;173
BOIGNE;172
MICHENEAU;172
PARE;172
CHEVREUX;172
CHERRE;171
GOISLARD;171
FOIN;171
BACHELOT;171
COULOT;171
PAILLAT;171
VIVIEN;171
ROUILLERE;170
ROULLIER;170
MICHELET;170
VALLET;170
RIVET;170
NOEL;170
DOUCET;170
CADOT;170
BOUMIER;169
BECHU;169
RAYER;169
GUIGNON;169
BACHELIER;169
TEXIER;169
GUION;169
UZUREAU;168
LAILLER;168
LETOURNEAU;168
EFFRAY;167
MARGAS;167
PIFFARD;167
BARBAULT;167
DOINEAU;166
PLACAIS;166
TOUZE;166
MABILEAU;166
BRICHET;166
THIERY;166
FOUCAULT;166
GOISLOT;165
LUMINEAU;165
DUFRESNE;165
CROCHET;165
GAUBERT;165
VIOT;165
SAUNIER;165
LEFEBVRE;165
HACAULT;164
PEGE;164
HERSANT;164
LECOINTRE;164
GATINEAU;164
ROLAND;164
HUGUET;164
BARAT;164
OGERON;163
ANDROUIN;163
LE GAL;163
MINIER;163
LEGUAY;163
MARIE;163
VIGAN;162
ARRIAL;161
AUDOUIT;161
PANNEAU;161
DIGUET;161
BOUDEAU;161
JAMAIN;161
COSNARD;161
LAIR;161
TROUILLARD;161
TEILLET;161
SALAUN;161
VIGNAIS;160
RAGUENEAU;160
ANGER;160
PAILLARD;160
BOUHIER;159
BONTEMPS;159
ROUSSEL;159
ROULEAU;159
SAUTEJEAU;158
JAUNEAU;158
MAREAU;158
FAURE;158
CORVAISIER;158
BOUDIER;158
ALLUSSE;157
VIEMONT;157
COLONNIER;157
TROST;157
HERBERT;157
DUPIN;157
GALLET;157
CAILLET;157
GUITET;156
LEBOEUF;156
TRANCHANT;156
BUCHER;156
BARBIN;156
DUGAS;156
GUINOISEAU;155
HALBERT;155
VEILLON;155
CHALET;155
LE ROUX;155
MAINFROID;154
BESLOT;154
BAULU;154
DALIFARD;154
MANGEARD;154
DEROUIN;154
GUYOMARD;154
HEMERY;154
RICHER;154
BRUN;154
ALIGON;153
VENDE;153
BIBARD;153
LEPINE;153
DESVIGNES;153
BASTARD;153
LE GALL;153
LANDRY;153
RAHARD;152
GUINEBRETIERE;152
VIEAU;152
QUESSON;152
BAUDON;152
PIRARD;152
MILLERAND;152
GOUPIL;152
REIGNIER;152
BEAUFILS;152
AGENEAU;151
PERCEVAULT;151
REZE;151
FRUCHAUD;150
RAGUIN;150
SAILLANT;150
BARBE;150
MABILLEAU;149
LESOURD;149
ROUTHIAU;149
RULLIER;149
DUMONT;149
ANDRAULT;148
REMIGEREAU;148
METAIREAU;148
YVON;148
REVEILLON;148
SALE;148
JEAN;148
COUTURIER;148
AUDEBERT;148
FERTRE;147
TUFFREAU;147
QUIGNON;147
LAHAYE;147
CAILLE;147
BOIDRON;146
RIOBE;146
VILCHIEN;146
BRICAULT;146
GRELET;146
CAILLARD;146
MAURICE;146
LHERBETTE;146
RIGAUD;146
CORABOEUF;145
GENDRY;145
DAGUIN;145
RACINEUX;145
BRIERE;145
COSNEAU;144
RAVELEAU;144
PROUTIERE;144
SAULOUP;144
TISSEAU;144
ARIAL;144
LASNE;144
OLIVE;144
BICHON;144
MILLET;144
EDIN;143
CHALAIN;143
BOSSEAU;143
AUNEAU;143
BELNOU;143
HARRAULT;143
SIAUDEAU;143
LETOURNEUX;143
BOUE;143
MAURIER;143
PLUMEJEAU;142
ALLORY;142
PEIGNE;142
COURAUD;142
PAVIE;142
COSSARD;142
POUVREAU;142
DUPAS;142
GUYARD;142
BRECHET;142
MOUILLE;142
JADEAU;141
CLAVREUL;141
PREAU;141
DION;141
CANTIN;141
GEINDREAU;140
MORTREAU;140
COLAISSEAU;140
MENORET;140
BERTRON;140
RIBAULT;140
LAMISSE;140
BOUTET;140
MENANT;140
MORTIER;140
RUAU;139
BOUJU;139
HERBRETEAU;139
SUROT;139
BLET;139
LEBLOIS;139
LEVEAU;139
RENAUDIN;139
JAUNET;139
DESHAYES;139
BORDIER;139
CHAPRON;139
PIGNON;139
BOMARD;138
PELLUAU;138
MISANDEAU;138
BAUNE;138
MESANGE;138
BOISNEAU;138
CADIOU;138
RIGAULT;138
LIMOUSIN;138
PIET;138
EDOUARD;138
PAUL;138
MARANDEAU;137
COHU;137
PITAULT;137
LACROIX;137
PIRONNEAU;136
BERRUE;136
LETHEULE;135
FOURREAU;135
WEISS;135
FORTIER;135
GAUTRON;135
FOREST;135
BLONDEAU;135
BARDET;135
HULLIN;134
NOUCHET;134
GEMIN;134
MEIGNANT;134
DOUSSIN;134
MORISSEAU;134
GALLAIS;134
BOULEAU;134
ALUSSE;133
PICHONNEAU;133
TAUDON;133
MALECOT;133
LEGAULT;133
RABOIN;133
JOUAN;133
HERIN;133
POHARDY;132
SOREAU;132
QUARTIER;132
GUITTEAU;131
CHOISNET;131
PERCHERON;131
LORIEUX;131
POUPART;131
GERMOND;131
RUELLE;131
NAUDIN;131
BENION;130
GERNIGON;130
LOGEAIS;130
BRIANT;130
BEAUMIER;130
ROYNARD;130
VEAU;130
OLLIVIER;130
MOUSSET;130
FOUIN;130
BINET;130
LEBEAU;130
DAUDIN;130
GUIDEAU;129
BLAISONNEAU;129
JOUSSEAUME;129
LECLAIR;129
LE FLOCH;129
LE CORRE;129
GUY;129
CONSTANTIN;129
BEUTIER;128
BRETAULT;128
CHASLES;128
SOURDEAU;128
DEMAS;128
HOUET;128
DELETRE;128
VINCONNEAU;128
MENAGER;128
GOULEAU;127
HOGNON;127
CIRET;127
MARSAIS;127
CLENET;127
MAINDRON;127
SICOT;127
LEPRETRE;127
HULIN;127
CLAVIER;127
PINARD;127
LANCELOT;127
BABARIT;126
HAUDEBAULT;126
FUSEAU;126
GEFFARD;126
GANNE;126
METAIS;126
ABRAHAM;126
PIQUET;126
PAIN;126
PANTAIS;125
VERGNEAU;125
ROUSSIERE;125
ROBET;125
HOUDET;125
DUBAS;125
BAZILLE;125
MICHENAUD;125
PATRY;125
TOUCHARD;125
VACHER;125
CHOLOUX;124
BARBARIT;124
HUBERDEAU;124
NOURY;124
BATARD;124
VILLENEUVE;124
COSSON;124
BRICAUD;124
ROSSIGNOL;124
RELION;123
BRILLOUET;123
FRONTEAU;123
BOUIN;123
MILON;123
PERROCHON;123
BAIN;123
GUILMET;123
CHARON;123
BERGE;123
LANGE;123
BOUCHARD;123
LECUIT;122
DINAND;122
HUBAULT;122
CHARNACE;122
LAIZE;122
PANCHEVRE;122
POITOU;122
RUEL;122
LEBLOND;122
BIDON;122
LAROCHE;122
DUBREUIL;122
LELAURE;121
PASSELANDE;121
SAULEAU;121
LIGONNIERE;121
GROYER;121
CIROT;121
PHELIPPEAU;121
BRUNETIERE;121
BARILLER;121
MERIAU;121
HODE;121
LUSSEAU;121
CHEVRE;121
PAULEAU;121
PRIGENT;121
MARECHAL;121
DA SILVA;121
DAUZON;120
DROUAULT;120
DEMION;120
VINCELOT;120
LEDRU;120
COTTEREAU;120
RIO;120
JACOB;120
DULONG;120
BEAU;120
TREMBLAY;120
GUEMARD;119
PACREAU;119
BALLU;119
DELHOMMEAU;119
BERTHAUD;119
LATOUR;119
MARTINET;119
TUDOUX;118
TREMBLAIS;118
FISSON;118
FROMAGEAU;118
HUNAULT;118
GOUFFIER;118
LEMARCHAND;118
DUGUE;118
TRAVERS;118
BOYEAU;117
GODIVEAU;117
BELIARD;117
BRILLANT;117
BAUDRIER;117
LIARD;117
DUBUISSON;117
COUTOLLEAU;116
LEROUEIL;116
CHICOISNE;116
JOUTEAU;116
JOUY;116
MARCEAU;116
PERON;116
FEVRIER;116
DUMOULIN;116
COSTE;116
BEUROIS;115
HARDOU;115
HERSARD;115
RINEAU;115
SUAUDEAU;115
VIAUX;115
BREJON;115
MENET;115
DELOUCHE;115
SAULNIER;115
BOYER;115
BOUHIRON;114
TOUCHAIS;114
BORDAGE;114
PAVILLON;114
POTTIER;114
BEAULIEU;114
SECHE;113
COUILLEAU;113
HOCDE;113
DALIBON;113
GAREAU;113
BILLOT;113
MARCHAL;113
BELOUARD;112
ROBREAU;112
FEUVRAIS;112
PARENTEAU;112
BARAUD;112
GUEFFIER;112
TESTARD;112
HAVARD;112
LEPROUST;112
MOUTAULT;112
BOIREAU;112
BIGNON;112
LEMAIRE;112
VETELE;111
GUINEHUT;111
REULLIER;111
LORILLEUX;111
PORTAIS;111
AMIRAULT;111
LEGUE;111
GOUBAUD;111
ORAIN;111
BERSON;111
GICQUEL;111
JOUANNEAU;111
POIDEVIN;111
GOURE;111
GUERINET;111
TROUVE;111
BOUQUET;111
LOPEZ;111
ROUSSIASSE;110
LOGERAIS;110
SOCHELEAU;110
ROUCHER;110
JOUIS;110
PECOT;110
GABOREAU;110
LANDRON;110
BACLE;110
PRUDHOMME;110
RORTEAU;109
PIGNEUL;109
GRATON;109
HERY;109
BAUDOIN;109
ROINARD;108
BOUGREAU;108
COEFFARD;108
PAVION;108
RITOUET;108
GOHARD;108
POUZET;108
GUEGNARD;108
SAULAIS;108
RICHAUDEAU;108
PROD'HOMME;108
BERTHO;108
RICHE;108
PIGEON;108
JEANNIN;108
GOBIN;108
BROCHET;108
ROMPILLON;107
BRECHETEAU;107
CHAMBIRON;107
GUINEHEUX;107
COQUERIE;107
TULASNE;107
PICHERY;107
MABIT;107
EVEILLARD;107
FRAPPREAU;107
PLAUD;107
GOGUET;107
BOURDEAU;107
CIMIER;107
ROULET;107
HOUDIN;107
DUMAS;107
PERRON;107
CHOLEAU;106
PIFFETEAU;106
BEZIAU;106
HOREAU;106
HOUDU;106
LEDROIT;106
DELETANG;106
CHAUVEL;106
PIN;106
PARENT;106
LOIRE;106
LEROI;106
LE GUEN;106
REBEILLEAU;105
BLOURDIER;105
GONNORD;105
BLON;105
POUSSET;105
LAIGLE;105
LEPICIER;105
RENOUX;105
COLLIN;105
LEFRANC;105
AYRAULT;104
SEGUINEAU;104
COUILLAUD;104
LEAU;104
PONTONNIER;104
GRUAU;104
CHAUSSE;104
GALICHET;104
BRANGER;104
LEON;104
GUILLEMIN;104
FORET;104
CORBET;104
PERTUE;103
LECOINDRE;103
VIOLLEAU;103
THIBAUDEAU;103
RAVARY;103
EUGENE;103
DENEUX;103
RODRIGUES;103
TANGUY;103
PHILIPPE;103
LIGER;103
JOURDAIN;103
GRANDIN;103
GOYET;103
FOUASSIER;102
GAUVIN;102
GUIARD;102
LEBOUVIER;102
COUVREUX;102
JARDIN;102
MORVAN;102
EVAIN;102
BELLION;102
GIRON;102
COURTOIS;102
FOYER;101
BOISNAULT;101
JAUNAY;101
FUZEAU;101
ROINE;101
LITOU;101
DELAUNE;101
NAULEAU;101
LEFRERE;101
DOLLET;101
VRIGNAUD;101
NAIL;101
ROHARD;101
HOBE;101
COUDRIN;101
MARET;101
CORBIN;101
PICOT;101
HIVERT;101
RIVAULT;100
CHATEIGNER;100
MARCAIS;100
GRETEAU;100
COTTEVERTE;100
LEVESQUE;100
MAUPOINT;100
FOURNY;100
ESNARD;100
FOUGERE;100
RAULT;100
JOSEPH;100
FORTANNIER;99
FALIGANT;99
LEGEAI;99
FRAQUET;99
REVAULT;99
LIBAULT;99
LOCHARD;99
MESLIER;99
QUEMARD;99
PROUX;99
AMY;99
CHOQUET;99
MORIER;99
SAUVAGE;99
CHARBONNEL;99
BOIS;99
JANNEAU;98
BUROT;98
DIET;98
CHACUN;98
HURTAUD;98
LENFANT;98
COLLINEAU;98
BORDET;98
SARRAZIN;98
GENET;98
CHEVAL;98
PERRAUD;98
SUZINEAU;97
ORHON;97
BAZANTE;97
VEGER;97
JUBAULT;97
AUGEARD;97
SIONNEAU;97
JUBIN;97
BOURGEAU;97
LY;97
CHIGNARD;97
REVAUD;97
SCHMITT;97
DESERT;97
AVRILLON;97
LHERMITEAU;96
JADAUD;96
CHARGE;96
REVEILLE;96
JAGUELIN;96
GOUBARD;96
LHERMITE;96
DEZE;96
PICHEREAU;96
SAVARY;96
PENOT;96
BLAIS;96
GARCIA;96
JAMERON;95
PEZOT;95
BAUMIER;95
VINSONNEAU;95
GUILLIER;95
BOUGOUIN;95
MACAULT;95
BELLARD;95
BEUGNIER;95
VERITE;95
VILAIN;95
JOUSSE;95
GAULT;95
DOHIN;95
ALAIN;95
LIEVRE;95
TISON;95
GUILBERT;95
MAITREAU;94
BROSSAS;94
PASQUIET;94
TESSON;94
RAUTURIER;94
POUPLIN;94
GRIVAULT;94
THAREAU;94
LHOMMEAU;94
AUMONT;94
POURIAS;93
BERTHONNEAU;93
PIEDNOIR;93
RIVERON;93
JUSTEAU;93
PLOT;93
GARDAIS;93
CAILLAULT;93
GODIER;93
FAUCHARD;93
FOURMOND;93
DESPORTES;93
BOISNARD;93
LE BRETON;93
MENUT;93
ETIENNE;93
BOURBON;93
PRAIZELIN;92
ROLANDEAU;92
JOREAU;92
BROCHOIRE;92
GAUFRETEAU;92
FRUCHET;92
CHAMAILLE;92
SOURISSE;92
LEGUY;92
QUINTON;92
CONGNARD;92
SIRET;92
BEAUDOUIN;92
ANGEARD;92
BIDAUD;92
RANNOU;92
JOBIN;92
CHEVILLARD;92
MORAND;92
VAIDIE;91
GOULAY;91
BEAUPERIN;91
ANDREAU;91
PIAU;91
BOULAIS;91
BAHUAUD;91
LE BIHAN;91
AIRAULT;91
COUTARD;91
FOULON;91
REVEILLARD;91
CHOPIN;91
PAGE;91
LEMERCIER;91
CATHELINEAU;90
ANIS;90
MAUCOURT;90
MAUXION;90
ROUILLE;90
DALAINE;90
PLISSON;90
PICHAUD;90
SAUVAGET;90
BAUMONT;90
RIVAL;90
PINET;90
GILLARD;90
LAPORTE;90
GUILLAUME;90
GIET;90
BAILLY;90
RABERGEAU;89
DESGRE;89
FLECHEAU;89
ANDORIN;89
LATTE;89
CHANTELOUP;89
RABAULT;89
THOREAU;89
CORMERAIS;89
COUVREUR;89
HAYER;89
GAUTRET;89
LEMALE;89
FRETTE;89
CHALLIER;89
BLANC;89
ODIAU;88
BOUFFANDEAU;88
RONTARD;88
HIRON;88
DUBREIL;88
GESLOT;88
DAILLEUX;88
DESVEAUX;88
HUARD;88
FOUCHET;88
DEHOUX;88
POIRRIER;88
ROUET;88
PELISSON;88
BRESSON;88
LIVACHE;87
HOMER;87
THOMAZEAU;87
SAVARIT;87
GENDREAU;87
CHARLOT;87
ROUILLON;87
DUBOURG;87
DERRIEN;87
BARBAUD;87
DIOT;87
AUDIGANE;86
CERIZIER;86
MONGAULT;86
GRANGEREAU;86
DENECHAUD;86
CHIMIER;86
POTIRON;86
HY;86
CHANTEAU;86
CHARTRAIN;86
LE BORGNE;86
PAYE;86
LE BERRE;86
MENAND;86
MATHIEU;86
MARTEL;86
DIDIER;86
BARTHELEMY;86
LIHOREAU;85
SAUTJEAU;85
COUTELEAU;85
LEGAGNEUX;85
ROCHEPEAU;85
BEUCHER;85
LERIDON;85
GUE;85
DOIZY;85
HOUSSIN;85
ORIOT;85
BOUCAULT;85
BORDEREAU;85
CHARDRON;85
BASLE;85
DOYEN;85
THOUIN;85
VIGNEAU;85
REVERDY;85
BASSET;85
COURCAULT;84
LORENDEAU;84
DECRON;84
LORRE;84
BOCHE;84
DAUDET;84
MECHINEAU;84
PREAULT;84
GUEGUEN;84
GOIZET;84
BOUCARD;84
JOSSE;84
DAVEAU;84
PAINEAU;84
LAURY;84
COURAULT;84
SAUVAITRE;84
LESAGE;84
DELACROIX;84
LACOSTE;84
PERROT;84
LATTAY;84
BARDIN;84
HERISSEAU;83
BOTTEREAU;83
MALOYER;83
BLANLOEIL;83
CREPELLIERE;83
BIEMON;83
REXAND;83
LEBEAUPIN;83
CHAVENEAU;83
BREAU;83
CORNUAULT;83
CHASSERIAU;83
ORIEUX;83
MABILLE;83
BALAVOINE;83
MOINET;83
MOUCHARD;83
FRAPPEREAU;82
COULBAULT;82
ETAVARD;82
REBONDY;82
HALOPE;82
BLUTEAU;82
CORVE;82
PERRAY;82
DOLBOIS;82
FRESLON;82
PRUD HOMME;82
LE MOAL;82
GUITON;82
GUICHET;82
BODEREAU;82
AUFFRET;82
STEPHAN;82
RIOT;82
GAY;82
COUDERT;82
CHARTON;82
PERRIER;82
BOISIAUD;81
TALINEAU;81
BODUSSEAU;81
SEGRETAIN;81
SOUCHARD;81
MAUBOUSSIN;81
VRAIN;81
BARAULT;81
HUPONT;81
GENNETAY;81
JUIN;81
CHEVREUL;81
MECHIN;81
SELLIER;81
SAGET;81
JOURDAN;81
FERREIRA;81
BARBARIN;81
CRUARD;80
BRETEAUDEAU;80
CLAVREUIL;80
ROUSTEAU;80
DETRICHE;80
RAGAIN;80
TARTROU;80
PASSIER;80
DESCHERES;80
MENOU;80
CHAUVREAU;80
SUIRE;80
FAUCILLON;80
BEAUCHENE;80
LE BRAS;80
DUTOUR;80
DOUAUD;80
PANNETIER;80
ROUMY;80
ROULIER;80
LE ROY;80
LABBE;80
GENEST;80
BAUDET;80
ALGOURDIN;79
BEAUJEON;79
PAYNEAU;79
LAVENIER;79
DESMATS;79
BOULLAIS;79
PUCELLE;79
PEPION;79
TIERCELIN;79
GILARDEAU;79
ALLAUME;79
COEFFE;79
LIGEON;79
RONCIER;79
CHENAY;79
BOURGERIE;79
VEZIN;79
LAVAUD;79
ARNOUX;79
RAMEAU;79
BLU;79
BLAITEAU;78
BRAZILLE;78
DENOUS;78
SAUMUREAU;78
CHOISNE;78
JAUNAULT;78
BERITAULT;78
BEUGNET;78
VAUGOYEAU;78
VIAULT;78
JUBERT;78
DUBRAY;78
VIEL;78
ROUSSELIN;78
MOUCHET;78
TOUZEAU;78
PION;78
GOINEAU;78
LAGARDE;78
JUVIN;78
JANNIN;78
JAN;78
ANTOINE;78
LEHOREAU;77
CARROUX;77
DELESSARD;77
LEBLED;77
RABEAU;77
DUBIN;77
LIBAUD;77
MAILLOCHON;77
THIBERGE;77
SABIN;77
LENOGUE;77
RICHOMME;77
LEMARIE;77
LESPAGNOL;77
NIVELLE;77
MANDIN;77
BOISNIER;77
JAUD;77
POUSSIN;77
DEVEAU;77
BOISTEAU;77
AUFFRAY;77
PAYEN;77
BOUDET;77
GUYADER;77
DELAGE;77
BOUCHE;77
THUIA;76
ETOURNEUX;76
PICANTIN;76
CHARRUEAU;76
BELLOUARD;76
TROUILLEAU;76
AUMOND;76
BOLTEAU;76
POIREAU;76
DAILLERE;76
LE CAM;76