Michel;M;14136
Alain;M;10646
Philippe;M;9903
Bernard;M;8992
Christian;M;8102
Daniel;M;7821
Gérard;M;7009
Jean-Pierre;M;6945
Patrick;M;6884
Pierre;M;6711
Claude;M;6386
Jacques;M;6171
Jean-Claude;M;5952
Pascal;M;5452
Thierry;M;5341
Eric;M;5232
Jean;M;5227
Dominique;M;4959
André;M;4918
Didier;M;4834
Christophe;M;4830
Laurent;M;4540
François;M;4286
Guy;M;4153
Gilles;M;3635
Serge;M;3618
Jean-Paul;M;3547
Yves;M;3497
Olivier;M;3459
Frédéric;M;3450
Bruno;M;3416
Jean-Luc;M;3361
Denis;M;3307
Francis;M;3196
Stéphane;M;3166
Jean-Louis;M;3155
Marc;M;3107
Robert;M;2876
Jean-Marie;M;2863
René;M;2857
Joël;M;2798
Jean-François;M;2772
Jean-Michel;M;2595
Hervé;M;2436
Patrice;M;2419
David;M;2406
Roger;M;2340
Sébastien;M;2294
Jean-Marc;M;2276
Gilbert;M;2242
Georges;M;2126
Nicolas;M;2109
Franck;M;2097
Vincent;M;1999
Henri;M;1960
Marcel;M;1825
Jérôme;M;1795
Maurice;M;1784
Paul;M;1691
Roland;M;1689
Jean-Jacques;M;1660
Jacky;M;1642
Fabrice;M;1591
Raymond;M;1567
Emmanuel;M;1553
Sylvain;M;1410
Louis;M;1349
Joseph;M;1338
Hubert;M;1312
Xavier;M;1298
Jean-Yves;M;1293
Régis;M;1292
Lionel;M;1173
Richard;M;1086
Bertrand;M;1085
Antoine;M;1063
Arnaud;M;1060
Yannick;M;1023
Luc;M;957
Charles;M;926
Guillaume;M;908
Lucien;M;856
Julien;M;840
Benoît;M;835
Ludovic;M;833
Cédric;M;802
Fabien;M;779
Albert;M;754
Alexandre;M;741
Rémy;M;728
José;M;718
Damien;M;716
Etienne;M;672
Jean-Philippe;M;647
Mickaël;M;615
Noël;M;584
Cyril;M;564
Rémi;M;548
Loïc;M;547
Gabriel;M;536
Benoit;M;526
Yvon;M;517
Martial;M;464
Jean-Christophe;M;456
Gerard;M;451
Thomas;M;434
Jean-Noël;M;433
Mathieu;M;421
Fernand;M;401
Gérald;M;399
Yann;M;394
Joel;M;392
Samuel;M;389
Jean Pierre;M;388
Max;M;386
Jean-Charles;M;386
Emile;M;376
Romain;M;357
William;M;357
Florent;M;356
Norbert;M;355
Cyrille;M;349
Anthony;M;341
Hugues;M;332
Jean-Baptiste;M;332
Raphaël;M;330
Jean Claude;M;317
Manuel;M;311
Jean-Bernard;M;305
Yvan;M;304
Grégory;M;292
Maxime;M;291
Andre;M;291
Armand;M;286
Jérome;M;264
Edouard;M;254
Frederic;M;247
Stephane;M;238
Dany;M;235
Gaston;M;222
Jean Paul;M;217
Edmond;M;215
James;M;210
Mickael;M;204
Jean Louis;M;199
Benjamin;M;197
Alfred;M;196
Jackie;M;196
Freddy;M;195
Jean Luc;M;194
Adrien;M;190
Sebastien;M;186
Simon;M;185
Aimé;M;182
Alexis;M;178
Jerome;M;176
Camille;M;176
Léon;M;172
Victor;M;171
Mohamed;M;170
Jean Marie;M;169
Rodolphe;M;168
Herve;M;166
Pierre-Yves;M;165
Matthieu;M;160
Ghislain;M;160
Tony;M;158
Jean Michel;M;158
Eugène;M;157
Clément;M;156
Aurélien;M;155
Jean Marc;M;153
Jérémy;M;152
Renaud;M;150
Michaël;M;150
Jean François;M;146
Jack;M;146
Florian;M;145
Rene;M;144
Pierrick;M;140
Germain;M;139
Romuald;M;134
Jean-René;M;130
Mario;M;129
Gaëtan;M;128
Elie;M;127
Eddy;M;127
Antonio;M;122
Jean Jacques;M;120
Martin;M;118
Willy;M;113
Erick;M;112
Regis;M;108
Gaël;M;108
Félix;M;107
Loic;M;107
Brice;M;107
Jean-Guy;M;107
Raoul;M;105
Alex;M;105
Auguste;M;103
Jean-Pascal;M;103
Ernest;M;101
Jonathan;M;99
Lilian;M;95
Jocelyn;M;95
Henry;M;92
Alphonse;M;86
Baptiste;M;85
Stéphan;M;85
Sylvie;M;85
Gildas;M;83
Grégoire;M;83
François-Xavier;M;82
Jules;M;82
Pierre-Jean;M;82
Boris;M;81
Yoann;M;81
Ali;M;80
Abel;M;79
Marius;M;79
Ronan;M;77
Alban;M;76
Cedric;M;74
Pierre-Marie;M;72
Jean-Daniel;M;72
Carlos;M;70
Jean Yves;M;70
Ange;M;68
Rolland;M;68
Stanislas;M;67
Gervais;M;67
Raphael;M;67
Christine;M;67
Johann;M;67
Erwan;M;67
Michael;M;66
Noel;M;65
Armel;M;65
Jérémie;M;65
Remy;M;65
Thibault;M;64
Johan;M;64
Isabelle;M;64
Augustin;M;64
Jean-Robert;M;63
Karim;M;63
Nathalie;M;63
Martine;M;62
Françoise;M;60
Dimitri;M;60
Farid;M;58
Yohann;M;58
Valéry;M;57
Charly;M;56
John;M;56
Arthur;M;55
Jean-Loup;M;55
Jean-Denis;M;55
Mathias;M;55
Catherine;M;54
Remi;M;54
Reynald;M;54
Jean Philippe;M;53
Walter;M;52
Moïse;M;52
Arsène;M;52
Jean-Maurice;M;52
Rudy;M;52
Miguel;M;52
Ahmed;M;51
Wilfried;M;51
Rachid;M;51
Gil;M;50
Wilfrid;M;48
Jose;M;48
Raynald;M;48
Antony;M;46
Monique;M;46
Jimmy;M;45
Frank;M;45
Chantal;M;45
Thibaut;M;45
Nicole;M;44
Jean-Dominique;M;44
Jean-Noel;M;44
Louis-Marie;M;44
Jean-Georges;M;44
Véronique;M;44
Françis;M;43
Steve;M;43
Jeannot;M;43
Saïd;M;42
Gaetan;M;41
Jean-Sébastien;M;41
Karl;M;41
Eddie;M;40
Kévin;M;40
Valentin;M;40
Aymeric;M;39
Jean-Patrick;M;39
Geoffroy;M;39
Mustapha;M;39
Désiré;M;39
Ivan;M;39
Sandrine;M;38
Jean Christophe;M;38
Annie;M;38
Frantz;M;38
Gregory;M;37
Johnny;M;37
Léopold;M;37
Jean-Marcel;M;37
Janick;M;37
Joachim;M;37
Jean-Pol;M;36
Patricia;M;36
Gustave;M;36
Karine;M;36
Jany;M;36
Jean-Raymond;M;36
Jean-Christian;M;36
Axel;M;35
Tristan;M;35
Éric;M;35
Quentin;M;35
Allain;M;34
Jean-Hugues;M;34
Emilien;M;34
Valérie;M;34
Justin;M;34
Fréderic;M;34
Gino;M;34
Ferdinand;M;34
Constant;M;34
Brigitte;M;33
Vivien;M;33
Michèle;M;32
Léonard;M;32
Yohan;M;32
Edgar;M;32
Pierre-Alain;M;32
Fernando;M;32
Jean-Joseph;M;31
Joaquim;M;30
Gauthier;M;30
Pierre-Henri;M;30
Peter;M;30
Jean-Roger;M;30
Toussaint;M;29
Pierre-Louis;M;29
Annick;M;29
Brahim;M;29
Sauveur;M;29
Laurence;M;29
Bastien;M;28
Stephan;M;28
Geoffrey;M;28
Salvatore;M;28
Kamel;M;28
Jean-André;M;28
Céline;M;28
Yan;M;28
Jean Baptiste;M;27
Frédérick;M;27
Christelle;M;27
Giovanni;M;27
Mikaël;M;27
Gerald;M;27
Emeric;M;26
Angel;M;26
Edgard;M;26
Jean-Gabriel;M;26
Jean-Alain;M;26
Elisabeth;M;26
Davy;M;26
Blaise;M;26
Marceau;M;26
Francisco;M;26
Pierre-François;M;26
Yvonnick;M;26
Christopher;M;25
Denys;M;25
Luis;M;25
Teddy;M;25
Antonin;M;25
Mehdi;M;25
Jean Charles;M;25
Fredy;M;25
Lionnel;M;25
Claudine;M;25
Claudy;M;25
Yves-Marie;M;25
Fred;M;25
Marc-Antoine;M;25
Théodore;M;25
Romaric;M;25
Mohammed;M;25
Gaétan;M;25
Gwénaël;M;24
Morgan;M;24
Ronald;M;24
Anne;M;24
Théo;M;24
Samir;M;24
Evelyne;M;24
Rodrigue;M;23
Clovis;M;23
Abdelkader;M;23
Béatrice;M;23
Amédée;M;23
Danielle;M;22
Erik;M;22
Jannick;M;22
Jean-Max;M;22
Pierrot;M;22
Alan;M;22
Guilhem;M;22
Christiane;M;21
Omar;M;21
Tanguy;M;21
Anicet;M;21
Sylvestre;M;21
Colette;M;21
Casimir;M;21
Yoan;M;21
Kléber;M;21
Corinne;M;21
Maxence;M;21
Jean Bernard;M;21
Pierre-Antoine;M;21
Jean-Frédéric;M;20
Jacki;M;20
Eloi;M;20
Flavien;M;20
Hugo;M;20
Pierre-André;M;20
Benoït;M;20
Philip;M;20
Jerôme;M;20
Lydie;M;20
Angelo;M;20
Gwenaël;M;20
Amaury;M;20
Géraud;M;20
Benoist;M;20
Nadine;M;20
Robin;M;20
Hassan;M;20
Anne-Marie;M;19
Josiane;M;19
Stéphanie;M;19
Ambroise;M;19
Marie-Claude;M;19
Florence;M;19
Barthélémy;M;19
Géry;M;19
Jean-Emmanuel;M;19
Achille;M;19
Amar;M;19
Vivian;M;19
Jean-Antoine;M;19
Juan;M;19
Jean-Francis;M;19
Léonce;M;19
Charlie;M;19
Marie;M;18
Adolphe;M;18
Honoré;M;18
Hélène;M;18
Jacquy;M;18
Virgile;M;18
Jean Noel;M;18
Edith;M;18
Agnès;M;18
Aloyse;M;18
Aldo;M;18
Pierre-Paul;M;18
Kevin;M;18
Carlo;M;18
Frédérique;M;17
Marco;M;17
Jim;M;17
Jean-Lou;M;17
Caroline;M;17
Marie-Pierre;M;17
Nordine;M;17
Jean-Eric;M;17
Sophie;M;17
Pascale;M;17
Leon;M;17
Urbain;M;17
Fabienne;M;17
Mourad;M;17
Jean-Manuel;M;17
Gael;M;17
Gaby;M;17
Thibaud;M;17
Firmin;M;17
Danièle;M;17
Josselin;M;17
Habib;M;16
Marie-Christine;M;16
Paulo;M;16
Joêl;M;16
Prosper;M;16
François Xavier;M;16
Bernadette;M;16
Jean-Hubert;M;16
Marie-France;M;16
Geneviève;M;16
Malik;M;16
Alix;M;16
Arnold;M;16
Jean-Gérard;M;16
Jean Noël;M;16
Charles-Henri;M;16
Célestin;M;15
Jean-Etienne;M;15
Matthias;M;15
Myriam;M;15
Luigi;M;15
Jocelyne;M;15
Jean-José;M;15
Jean-Rémy;M;15
César;M;15
Jean-Henri;M;15
Jean-Mary;M;15
Stephen;M;15
Yanick;M;15
Eugene;M;15
Cyriaque;M;15
Felix;M;15
Djamel;M;15
Jean-Victor;M;14
Aristide;M;14
Marie-Claire;M;14
Marie-Ange;M;14
Herbert;M;14
Arnauld;M;14
Virginie;M;14
Harry;M;14
Guénaël;M;14
Maryse;M;14
Isidore;M;14
Fabian;M;14
Jean-Laurent;M;14
Roberto;M;14
Jésus;M;14
Muriel;M;14
Josette;M;14
Gautier;M;14
Elian;M;14
Jean-David;M;14
Marie-Thérèse;M;14
Steven;M;14
Rénald;M;14
Carole;M;14
Narcisse;M;14
Harold;M;14
Sylvère;M;13
Adam;M;13
Delphine;M;13
Magali;M;13
Franco;M;13
Jpierre;M;13
Aziz;M;13
Léo;M;13
Salim;M;13
Pedro;M;13
Angélo;M;13
Rachel;M;13
Jean Dominique;M;13
Claire;M;13
Mamadou;M;13
Octave;M;13
Driss;M;13
Sandra;M;13
Hilaire;M;13
Odile;M;13
Youssef;M;13
Williams;M;13
Arnault;M;13
Omer;M;13
Gonzague;M;13
Clement;M;13
Carl;M;13
Jean-Vincent;M;13
Jean-Rémi;M;13
Franc;M;13
Abdel;M;12
Igor;M;12
Francisque;M;12
Sacha;M;12
Victorien;M;12
Sandro;M;12
Jorge;M;12
Hans;M;12
Maximilien;M;12
Yannis;M;12
Lucas;M;12
Abdelaziz;M;12
Eliane;M;12
Jean-Albert;M;12
Hyacinthe;M;12
Jacqueline;M;12
Valère;M;12
Moussa;M;12
Clotaire;M;12
Pol;M;12
Christel;M;12
Pierre Marie;M;12
Théophile;M;12
Pierre Louis;M;12
Moise;M;12
Jean René;M;12
Jean-Benoit;M;11
Steeve;M;11
Francesco;M;11
Donatien;M;11
Gisèle;M;11
Irénée;M;11
Corentin;M;11
Pierre-Olivier;M;11
Ricardo;M;11
Henri-Pierre;M;11
Paolo;M;11
Cécile;M;11
Dorian;M;11
Jean Guy;M;11
Jean-Nicolas;M;11
Thérèse;M;11
Pierre-Emmanuel;M;11
Jordan;M;11
Ibrahim;M;11
Joris;M;11
Hakim;M;11
Gratien;M;11
Ralph;M;11
Tahar;M;11
Paul-Henri;M;11
Jean-Léon;M;11
Hector;M;11
Louis-Pierre;M;11
Lino;M;11
Joan;M;11
Suzanne;M;11
Kader;M;11
Ulysse;M;11
Khaled;M;10
Jean Pascal;M;10
Jan;M;10
Pierre Paul;M;10
Guido;M;10
Nelson;M;10
Jean-Joël;M;10
Aurelien;M;10
Séverine;M;10
Adriano;M;10
Anselme;M;10
Paul-Marie;M;10
Ruddy;M;10
Francine;M;10
Phillippe;M;10
Jacquie;M;10
Oscar;M;10
Salvador;M;10
Erwin;M;10
Marcellin;M;10
Ignace;M;10
Marie-Laure;M;10
Jean-Serge;M;10
Ian;M;10
Peio;M;10
Jean-Damien;M;10
Mark;M;10
François-Marie;M;10
Jeannick;M;10
Rabah;M;10
Gaylord;M;10
Ghislaine;M;10
Josian;M;10
Ismaël;M;10
Jean-Didier;M;10
Régine;M;10
Médéric;M;9
Aurélie;M;9
Séverin;M;9
Léandre;M;9
Franz;M;9
Samy;M;9
Sylviane;M;9
Jean-Yvon;M;9
Julian;M;9
Mostafa;M;9
Roméo;M;9
Ariel;M;9
Abdallah;M;9
Jean-Toussaint;M;9
Aline;M;9
Jean Antoine;M;9
Erwann;M;9
Ludwig;M;9
Jean-Félix;M;9
Landry;M;9
Cyprien;M;9
Hicham;M;9
Mike;M;9
Vital;M;9
Valery;M;9
Joao;M;9
Paul-Antoine;M;9
Jean-Benoît;M;9
Joanny;M;9
Colin;M;9
Jeremy;M;9
Marie-Hélène;M;9
Amand;M;9
Vianney;M;9
Nadège;M;9
Marin;M;9
Jean-Bertrand;M;9
Emilie;M;9
Mireille;M;9
Julio;M;9
Jean Robert;M;9
Beñat;M;8
Alvaro;M;8
Roch;M;8
Willem;M;8
Pierre François;M;8
Michelle;M;8
Nestor;M;8
Jean-Patrice;M;8
Dino;M;8
Jean-Régis;M;8
Diego;M;8
Helmut;M;8
Baudoin;M;8
Enrique;M;8
Marc-Olivier;M;8
Paul-François;M;8
Pierre-Eric;M;8
Lambert;M;8
Jonas;M;8
Khalid;M;8
Jean-Martin;M;8
Stéphen;M;8
Jean-Richard;M;8
Emmanuelle;M;8
Frédy;M;8
Jamal;M;8
Donald;M;8
Noureddine;M;8
Mikael;M;8
Pierre-Etienne;M;8
Henri-Claude;M;8
Jean-Hervé;M;8
Jamel;M;8
Jean Daniel;M;8
Vincenzo;M;8
Emanuel;M;8
Carmelo;M;8
Andrew;M;8
Renald;M;8
Emilio;M;8
Basile;M;8
Yvette;M;8
Ollivier;M;8
Jean-Loïc;M;8
Jclaude;M;8
Salah;M;8
Marie-Jeanne;M;8
Joëlle;M;8
Marino;M;8
Timothée;M;8
Elio;M;8
Hamid;M;8
Guiseppe;M;8
Marc-André;M;8
Hocine;M;8
Joffrey;M;8
Jean-Roch;M;8
Said;M;8
Jean-Mathieu;M;8
Louis-Philippe;M;8
Louis-Jean;M;8
Baudouin;M;8
Marianne;M;8
Donat;M;8
Pierre-Luc;M;8
Stève;M;8
Jean-Gilles;M;8
Pierre-Albert;M;7
Albin;M;7
Salem;M;7
Henri-Paul;M;7
Enzo;M;7
Jean Alain;M;7
Laure;M;7
Loîc;M;7
Sylvian;M;7
Veronique;M;7
Guy-Michel;M;7
Jeremie;M;7
Marie-Paule;M;7
Jean-Lucien;M;7
Vladimir;M;7
Elvis;M;7
Jean-Simon;M;7
Ulrich;M;7
Werner;M;7
Claudio;M;7
Alcide;M;7
Jluc;M;7
Sabine;M;7
Angélique;M;7
Viviane;M;7
André-Pierre;M;7
Jmarie;M;7
Adel;M;7
George;M;7
Edwige;M;7
Joseph-Marie;M;7
Guy-Marie;M;7
Stéfan;M;7
Thiery;M;7
Keith;M;7
Enrico;M;7
Jeanine;M;7
Fouad;M;7
Ramuntxo;M;7
Gérôme;M;7
Marie-Noëlle;M;7
Hamed;M;7
Noëlle;M;7
Francky;M;7
Mohamadi;M;7
Luciano;M;7
Bruce;M;7
Paulin;M;7
Ramon;M;7
Paul-André;M;7
Sami;M;7
Sonia;M;7
Gary;M;7
Nelly;M;6
Riad;M;6
Liliane;M;6
Taoufik;M;6
Jean-Guillaume;M;6
Stefan;M;6
Edward;M;6
Louis-Charles;M;6
Cathy;M;6
Sylvio;M;6
Simone;M;6
Patric;M;6
Jean-Elie;M;6
Ibrahima;M;6
Frédérik;M;6
Charles-Antoine;M;6
Gianni;M;6
Jean-Sylvain;M;6
Lylian;M;6
Ghyslain;M;6
Pierre-Marc;M;6
Gontran;M;6
Nabil;M;6
Pierre-Edouard;M;6
Georgette;M;6
Pierre André;M;6
Siméon;M;6
Yannik;M;6
Abdellah;M;6
Jean-Edouard;M;6
Miloud;M;6
Vito;M;6
Constantin;M;6
Jmichel;M;6
Phillipe;M;6
Umberto;M;6
Germinal;M;6
Slimane;M;6
Félicien;M;6
Siegfried;M;6
Jean-Jack;M;6
P.Yves;M;6
Orlando;M;6
Philibert;M;6
Alberto;M;6
Jean Denis;M;6
Valerie;M;6
François-Michel;M;6
Joannès;M;6
Chris;M;6
Parfait;M;6
Morand;M;6
Lorenzo;M;6
Allan;M;6
Jean Joseph;M;6
Bachir;M;6
Jean-Noêl;M;6
Jacob;M;6
Gislain;M;6
Jean Toussaint;M;6
Janny;M;6
Jean-Raphaël;M;6
Guy-Noël;M;6
Toni;M;6
Hippolyte;M;6
Pierre Yves;M;6
Stany;M;6
Mouloud;M;6
Pierre-Vincent;M;6
Nathanaël;M;6
Manfred;M;6
Jean-Julien;M;6
René-Marc;M;6
Guislain;M;6
Odette;M;6
Sergio;M;6
Jean-Brice;M;6
Santiago;M;6
Pierre-Michel;M;6
Marie-Joseph;M;6
Mustafa;M;6
Ruben;M;6
Isaac;M;6
Armando;M;6
Jean Patrick;M;6
Jacqui;M;6
Renée;M;6
Paul François;M;6
Jean-Thierry;M;6
Danny;M;6
Jean-Maxime;M;6
Pierre-Alexandre;M;6
Godefroy;M;6
Marian;M;6
Alexandra;M;6
Bénédicte;M;6
Marc Antoine;M;6
Toufik;M;6
Estelle;M;6
Jean-Fred;M;6
Anatole;M;6
Jéröme;M;5
Jean-Martial;M;5
Louis-Joseph;M;5
Josse;M;5
Reginald;M;5
Giuseppe;M;5
Domingo;M;5
Jean-Eudes;M;5
Humbert;M;5
Guy-Pierre;M;5
Rocco;M;5
Yacine;M;5
Guénolé;M;5
Jocelin;M;5
Ronny;M;5
Aïssa;M;5
Louis-Michel;M;5
Ladislas;M;5
Horace;M;5
Mouhamadi;M;5
Philppe;M;5
Yanis;M;5
Cédrick;M;5
France;M;5
Adelino;M;5
Lamine;M;5
Henri-Jacques;M;5
Mounir;M;5
Morad;M;5
René-Claude;M;5
Jean Marcel;M;5
Étienne;M;5
Jean-Camille;M;5
Sofiane;M;5
François-Régis;M;5
Michele;M;5
Chistophe;M;5
Oliver;M;5
Jean Maurice;M;5
Jean André;M;5
