Catherine;F;4389
Françoise;F;4334
Isabelle;F;4295
Sylvie;F;4197
Martine;F;4094
Nathalie;F;3942
Christine;F;3637
Monique;F;3005
Chantal;F;2835
Nicole;F;2798
Véronique;F;2583
Annie;F;2479
Valérie;F;2458
Brigitte;F;2405
Patricia;F;2096
Michèle;F;2050
Dominique;F;2046
Sandrine;F;1966
Laurence;F;1925
Jacqueline;F;1866
Corinne;F;1846
Christiane;F;1805
Nadine;F;1694
Sophie;F;1688
Anne;F;1678
Anne-Marie;F;1670
Evelyne;F;1639
Elisabeth;F;1608
Florence;F;1552
Claudine;F;1544
Béatrice;F;1477
Christelle;F;1426
Danielle;F;1392
Pascale;F;1385
Annick;F;1300
Bernadette;F;1296
Céline;F;1235
Hélène;F;1221
Stéphanie;F;1218
Fabienne;F;1174
Marie-Christine;F;1169
Colette;F;1167
Mireille;F;1151
Maryse;F;1122
Jocelyne;F;1118
Geneviève;F;1117
Marie-Claude;F;1102
Marie-Thérèse;F;1067
Agnès;F;1063
Josiane;F;1058
Marie;F;1050
Josette;F;1011
Odile;F;1004
Karine;F;998
Cécile;F;984
Joëlle;F;911
Danièle;F;910
Carole;F;891
Virginie;F;887
Marie-France;F;817
Eliane;F;813
Delphine;F;787
Michelle;F;776
Denise;F;774
Caroline;F;740
Muriel;F;738
Claire;F;724
Myriam;F;724
Francine;F;719
Liliane;F;702
Ghislaine;F;673
Sabine;F;650
Yvette;F;646
Marie-Claire;F;642
Thérèse;F;638
Régine;F;635
Marie-Hélène;F;635
Gisèle;F;634
Séverine;F;630
Aline;F;558
Nelly;F;550
Edith;F;547
Simone;F;536
Marie-Pierre;F;534
Marie-Françoise;F;527
Magali;F;519
Frédérique;F;509
Emmanuelle;F;508
Viviane;F;507
Arlette;F;501
Lydie;F;498
Sylviane;F;491
Madeleine;F;489
Sandra;F;488
Andrée;F;469
Marie-José;F;463
Jeanine;F;457
Maryline;F;457
Ginette;F;456
Jeannine;F;437
Pierrette;F;431
Sonia;F;419
Micheline;F;416
Claude;F;415
Paulette;F;411
Marie-Laure;F;402
Marie-Paule;F;402
Aurélie;F;394
Murielle;F;393
Nadia;F;379
Suzanne;F;377
Yolande;F;375
Maryvonne;F;371
Laure;F;367
Huguette;F;365
Solange;F;359
Renée;F;348
Emilie;F;346
Carine;F;335
Marie-Noëlle;F;335
Alexandra;F;330
Jeanne;F;327
Roselyne;F;325
Claudette;F;321
Nadège;F;315
Angélique;F;313
Géraldine;F;300
Janine;F;299
Lucette;F;293
Marie-Jeanne;F;291
Audrey;F;290
Claudie;F;288
Estelle;F;287
Armelle;F;285
Raymonde;F;283
Cathy;F;282
Odette;F;281
Maria;F;275
Bénédicte;F;275
Marianne;F;272
Laetitia;F;269
Annette;F;263
Julie;F;261
Marie-Odile;F;259
Elodie;F;257
Anita;F;253
Noëlle;F;245
Rachel;F;235
Marguerite;F;232
Marie-Louise;F;232
Marie-Josée;F;231
Mauricette;F;219
Marie-Ange;F;217
Yvonne;F;216
Marie-Madeleine;F;212
Marcelle;F;212
Gaëlle;F;211
Sabrina;F;209
Marielle;F;206
Irène;F;202
Blandine;F;200
Marie-Line;F;199
Marylène;F;195
Laëtitia;F;195
Lucienne;F;194
Valerie;F;192
Christel;F;186
Mélanie;F;185
Vanessa;F;184
Michele;F;183
Magalie;F;183
Lucie;F;182
Veronique;F;182
Rose-Marie;F;178
Corine;F;176
Lydia;F;175
Marlène;F;172
Joelle;F;172
Georgette;F;170
Marie-Josèphe;F;169
Marie-Annick;F;168
Anne-Sophie;F;162
Alice;F;162
Aurore;F;161
Katia;F;159
Elise;F;158
Sarah;F;156
Edwige;F;156
Marie-Rose;F;155
Marie-Anne;F;154
Sylvette;F;154
Gabrielle;F;147
Sylvia;F;147
Marie-Agnès;F;143
Fanny;F;142
Marion;F;141
Antoinette;F;137
Ingrid;F;135
Marina;F;131
Paule;F;131
Natacha;F;130
Anne Marie;F;129
Charlotte;F;128
Rolande;F;128
France;F;128
Adeline;F;126
Mathilde;F;126
Carmen;F;126
Barbara;F;125
Henriette;F;123
Maud;F;122
Marinette;F;121
Juliette;F;121
Gilberte;F;117
Christèle;F;114
Fatima;F;114
Daniele;F;113
Genevieve;F;113
Marie-Dominique;F;113
Aude;F;112
Roseline;F;111
Linda;F;106
Peggy;F;105
Lysiane;F;105
Amandine;F;103
Anne-Laure;F;103
Beatrice;F;100
Agnes;F;99
Dorothée;F;99
Amélie;F;99
Marie-Antoinette;F;98
Anna;F;98
Louisette;F;97
Dany;F;96
Sylvaine;F;95
Yveline;F;95
Germaine;F;94
Mylène;F;94
Jeannette;F;92
Coralie;F;92
Celine;F;91
Marjorie;F;91
Camille;F;89
Stephanie;F;88
Marie-Andrée;F;88
Lise;F;88
Clotilde;F;87
Pauline;F;86
Louise;F;86
Betty;F;84
Astrid;F;84
Line;F;84
Marie-Cécile;F;84
Guylaine;F;81
Angèle;F;81
Annabelle;F;79
Anny;F;79
Malika;F;79
Marie Claude;F;79
Helene;F;77
Marie-Chantal;F;77
Jeanne-Marie;F;77
Marilyne;F;77
Clarisse;F;76
Eveline;F;76
Laurette;F;71
Francette;F;71
Karen;F;69
Marine;F;68
Maïté;F;68
Jennifer;F;68
Marthe;F;67
Rose;F;67
Jessica;F;67
Pascaline;F;66
Reine;F;66
Réjane;F;66
Elsa;F;66
Chrystelle;F;65
Ludivine;F;65
Marie Christine;F;65
Cindy;F;64
Claudia;F;63
Marie France;F;63
Charline;F;62
Cecile;F;60
Anne-Lise;F;60
Fernande;F;59
Marie-Renée;F;57
Gisele;F;57
Severine;F;57
Marie-Laurence;F;56
Gaelle;F;56
Lucile;F;56
Violette;F;55
Joséphine;F;55
Maguy;F;55
Marie-Lise;F;54
Marie-Catherine;F;54
Therese;F;54
Chrystel;F;53
Marie-Jo;F;53
Marie-Therese;F;52
Eliette;F;50
Olivia;F;48
Marie-Luce;F;48
Nancy;F;48
Bérangère;F;48
Mariette;F;48
Laura;F;47
Ariane;F;47
Marie-Elisabeth;F;47
Ghyslaine;F;45
Marie-Noelle;F;45
Marie-Pascale;F;45
Chrystèle;F;45
Eve;F;45
Olga;F;44
Marie Claire;F;43
Doris;F;43
Marie Pierre;F;43
Diane;F;42
Dolorès;F;42
Marylise;F;42
Judith;F;41
Manuela;F;41
Esther;F;41
Marie-Joëlle;F;40
Katy;F;40
Rosa;F;40
Rosine;F;39
Marie-Bernadette;F;39
Nora;F;39
Marie Thérèse;F;39
Elizabeth;F;39
Graziella;F;38
Eva;F;38
Violaine;F;38
Morgane;F;38
Rita;F;37
Nicolle;F;37
Marie Therese;F;37
Marie-Reine;F;37
Marie Paule;F;36
Roberte;F;36
Yannick;F;35
Cynthia;F;35
Fatiha;F;35
Emeline;F;34
Regine;F;34
Emilienne;F;34
Frederique;F;34
Agathe;F;34
Yolaine;F;34
Noelle;F;34
Marie Françoise;F;34
Suzette;F;33
Léone;F;33
Isabel;F;33
Agnés;F;33
Blanche;F;33
Josée;F;33
Lynda;F;33
Karima;F;33
Marie Laure;F;33
Célia;F;32
Samira;F;32
Aurelie;F;32
Cécilia;F;32
Jany;F;32
Marie-Joseph;F;32
Margaret;F;31
Gwenaëlle;F;31
Jackie;F;31
Adrienne;F;31
Sylvianne;F;31
Julia;F;30
Manuella;F;30
A.Marie;F;30
Flora;F;30
Stella;F;30
Anne-Catherine;F;30
Tania;F;30
Janick;F;29
Nadege;F;29
Farida;F;29
Johanna;F;29
Berthe;F;29
Aïcha;F;29
Josyane;F;29
Eugénie;F;29
Anne-Françoise;F;28
Anaïs;F;28
Guilaine;F;28
Suzy;F;28
Perrine;F;28
Marie-Josephe;F;27
Gladys;F;27
Zohra;F;27
Rachida;F;27
Cendrine;F;27
Angelique;F;27
Léa;F;27
Rozenn;F;27
Luce;F;27
Marie Ange;F;27
Alexandrine;F;26
Jenny;F;26
Dalila;F;26
Arielle;F;26
Samia;F;26
Floriane;F;26
Angeline;F;26
Guylène;F;25
Kathy;F;25
Marie-Yvonne;F;25
Djamila;F;25
Anne-Claire;F;25
Lina;F;25
Yasmine;F;25
Clémence;F;24
Tatiana;F;24
Geraldine;F;24
Clara;F;24
Noëlla;F;23
Leïla;F;23
Alexia;F;23
Gislaine;F;23
Paula;F;23
Muguette;F;23
Andree;F;23
Lisette;F;23
Sandy;F;23
Alberte;F;23
Magaly;F;23
Marie-Angèle;F;22
Josselyne;F;22
Christina;F;22
Joseline;F;22
Aurélia;F;22
Louisa;F;22
Noémie;F;22
Laétitia;F;22
Andréa;F;22
Raphaëlle;F;22
Déborah;F;22
Doriane;F;22
Mariannick;F;21
Justine;F;21
Marie José;F;21
Eléonore;F;21
Katherine;F;21
Paola;F;21
Rosette;F;21
Carol;F;21
Aimée;F;21
Alix;F;21
Marie-Gabrielle;F;21
Marie Helene;F;20
Emma;F;20
Roxane;F;20
Yasmina;F;20
Annie-Claude;F;20
Carinne;F;20
Axelle;F;20
Charlette;F;20
Marie-Aude;F;20
Elisa;F;20
Armande;F;20
Marie-Isabelle;F;20
Marie Jeanne;F;20
Valentine;F;19
Karin;F;19
Laurie;F;19
Maryannick;F;19
Angéline;F;19
Soizic;F;19
Johanne;F;19
Marjolaine;F;19
Josy;F;19
Marie-Helene;F;19
Rachelle;F;19
Marie Madeleine;F;19
Marie-Geneviève;F;19
Renee;F;19
Etiennette;F;19
Marie-Danielle;F;19
Inès;F;19
Marilyn;F;19
Bérengère;F;18
Irene;F;18
Josseline;F;18
Marie Dominique;F;18
Guillemette;F;18
Leila;F;18
Lyliane;F;18
Pascal;F;18
Anne-Cécile;F;18
Aliette;F;18
Anne-Christine;F;18
Béatrix;F;18
Lisiane;F;18
Latifa;F;18
Edmonde;F;18
Elyane;F;18
Marie Hélène;F;18
Marie Louise;F;18
Gilda;F;18
Monica;F;17
Tiphaine;F;17
Flore;F;17
Christele;F;17
Ana;F;17
Marie Line;F;17
Yamina;F;17
Michel;F;17
Marie-Martine;F;17
Angélina;F;17
Khadija;F;17
Marie-Eve;F;17
Sybille;F;17
Marie-Edith;F;17
Rose Marie;F;17
Simonne;F;17
Benedicte;F;16
Victoria;F;16
Marie Josée;F;16
Marie-Blanche;F;16
Bettina;F;16
Erika;F;16
Gina;F;16
Marie Anne;F;16
Adèle;F;16
Daniel;F;16
Diana;F;16
Rosalie;F;16
Marylene;F;16
Cyrille;F;16
Jeannick;F;16
Solène;F;16
Albane;F;16
Chloé;F;16
Marlene;F;16
Gwénaëlle;F;16
Ophélie;F;15
Amina;F;15
Marie-Jose;F;15
Margareth;F;15
Marlyse;F;15
Carla;F;15
Marcelline;F;15
Rosita;F;15
Marie Josee;F;15
Jannick;F;15
Sergine;F;15
Christian;F;15
Yvelise;F;15
Gaby;F;15
Joselyne;F;15
Marie-Josee;F;15
Marie-Alice;F;15
Marie Odile;F;15
Mary;F;15
Sophia;F;15
Jasmine;F;14
Vanina;F;14
Anissa;F;14
Jane;F;14
Elvire;F;14
Cathia;F;14
Marie-Céline;F;14
Mélissa;F;14
Gloria;F;14
Antonia;F;14
Héléne;F;14
Clémentine;F;14
Sidonie;F;14
Irma;F;14
Marie-Sophie;F;14
Salima;F;14
Ketty;F;14
Ida;F;14
Susan;F;13
Ségolène;F;13
Adélaïde;F;13
Jamila;F;13
Maude;F;13
Marie-Emmanuelle;F;13
Claudy;F;13
Marie-Astrid;F;13
Gwenaelle;F;13
Annelise;F;13
Mina;F;13
Bernardette;F;13
Astride;F;13
Marie-Josette;F;13
Kathia;F;13
Dolores;F;13
Naïma;F;13
Janique;F;13
Angela;F;13
Francesca;F;13
Sylvine;F;13
Nolwenn;F;13
Saliha;F;13
Annie-France;F;13
Mélina;F;13
Patrick;F;12
François;F;12
Marie-Elise;F;12
Constance;F;12
Bertille;F;12
Zineb;F;12
Deborah;F;12
Alain;F;12
Pilar;F;12
Marie-Aimée;F;12
Thérèse-Marie;F;12
Marie-Caroline;F;12
Bérénice;F;12
Nina;F;12
Marceline;F;12
Dorine;F;12
Joanna;F;12
Soraya;F;12
Candice;F;12
Rebecca;F;12
Thierry;F;12
Jeannie;F;12
Gwendoline;F;12
Aleth;F;12
Marie-Michèle;F;12
Anne-Charlotte;F;12
Janet;F;12
Houria;F;12
Sara;F;12
Margot;F;12
Ann;F;12
Saïda;F;11
Charlène;F;11
Eloïse;F;11
Lucia;F;11
Chantale;F;11
Maggy;F;11
Marie-Aline;F;11
Fabiola;F;11
Lisa;F;11
Annabel;F;11
Guislaine;F;11
Samantha;F;11
Zahra;F;11
Marie Jose;F;11
Angelina;F;11
Marie Noëlle;F;11
Lorette;F;11
Kheira;F;11
Fadila;F;11
Clothilde;F;11
Cathie;F;11
Gaëtane;F;11
Mercédès;F;11
Daisy;F;11
Daphné;F;11
Emilia;F;11
Florine;F;11
Ursula;F;11
Manuelle;F;11
Fatma;F;11
Julienne;F;11
Reine-Marie;F;11
Dorothee;F;11
Monika;F;11
Marylin;F;11
Alison;F;10
Régina;F;10
Augustine;F;10
Suzel;F;10
Frédéric;F;10
Mélinda;F;10
Marie Annick;F;10
Aïda;F;10
Vivianne;F;10
Corrine;F;10
Mercedes;F;10
Christa;F;10
Josie;F;10
Valéry;F;10
Mariama;F;10
Pierre;F;10
Leslie;F;10
Joël;F;10
Cristina;F;10
Lauriane;F;10
Emily;F;10
Gwénola;F;10
Elvira;F;10
Josephine;F;10
Marie-Solange;F;10
Mylene;F;10
Albertine;F;10
Georgina;F;10
Marie Noelle;F;10
Mariame;F;10
Prisca;F;10
Amanda;F;10
Cristelle;F;10
Michéle;F;10
Flavie;F;10
Virginia;F;10
Dina;F;10
Marie Rose;F;10
Héléna;F;10
Gyslaine;F;10
Mady;F;10
Halima;F;10
Sandie;F;10
Raphaële;F;10
Joan;F;9
Franciane;F;9
Nadége;F;9
Marie Agnès;F;9
Priscilla;F;9
Lorène;F;9
Rosemonde;F;9
Colombe;F;9
Marie-Carmen;F;9
Angéla;F;9
Helen;F;9
Lorraine;F;9
Carolle;F;9
Suzelle;F;9
Lilianne;F;9
Mado;F;9
Lila;F;9
Francisca;F;9
Laurianne;F;9
Hakima;F;9
Habiba;F;9
Marie-Christiane;F;9
Lolita;F;9
Rejane;F;9
Lyne;F;9
Murièle;F;9
Joanne;F;9
Servane;F;9
Fleur;F;9
Marilys;F;9
Marie-Suzanne;F;9
Honorine;F;9
Laurent;F;9
Thérése;F;9
Héloïse;F;9
Josianne;F;9
Marie-Claudine;F;9
Marie-Danièle;F;9
Magdalena;F;9
Victoire;F;9
Marguerite-Marie;F;9
Pamela;F;9
Karina;F;9
André;F;9
Marie-Amélie;F;9
Lara;F;9
Anne-France;F;9
Anne Laure;F;9
Any;F;9
Christianne;F;9
Mariane;F;9
Anne Sophie;F;9
Marie-Véronique;F;9
Jill;F;8
Marie-Lyne;F;8
Anicette;F;8
Zahia;F;8
Maylis;F;8
Mona;F;8
Ellen;F;8
Najia;F;8
Soazig;F;8
Joceline;F;8
Grace;F;8
Souad;F;8
Bernard;F;8
Jacky;F;8
Marilène;F;8
Jean;F;8
Cosette;F;8
Jessy;F;8
Marie-Brigitte;F;8
Roger;F;8
Paquita;F;8
Anne-Valérie;F;8
Najat;F;8
Anabelle;F;8
Manon;F;8
Marie-Bernard;F;8
Wanda;F;8
Daniela;F;8
Jeanne Marie;F;8
Anick;F;8
Celia;F;8
Gertrude;F;8
Marie-Agnes;F;8
Marie Antoinette;F;8
Marie-Béatrice;F;8
Didier;F;8
Mariana;F;8
Vincente;F;8
Rosy;F;8
Eric;F;8
Lysianne;F;8
Solenne;F;8
Anne Lise;F;8
Virgine;F;8
Rosanna;F;8
Conchita;F;8
Kathleen;F;8
Anne-Rose;F;8
Meriem;F;8
Gaétane;F;8
Stéphane;F;8
Léonie;F;8
Marie-Josiane;F;8
Vinciane;F;8
Marie-Colette;F;8
Jean-Marie;F;8
Marie-Georges;F;8
Philomène;F;8
Edmée;F;8
Katell;F;8
Sigrid;F;8
Raphaelle;F;8
Noura;F;8
Luisa;F;8
Marie Jo;F;8
Lyse;F;7
Karinne;F;7
Rose-May;F;7
Maureen;F;7
Eve-Marie;F;7
Assia;F;7
Josèphe;F;7
Philippe;F;7
Aicha;F;7
Amélia;F;7
Kelly;F;7
Hildegarde;F;7
Marie Reine;F;7
Cornélia;F;7
Lise-Marie;F;7
Iris;F;7
Marie Angèle;F;7
Ines;F;7
Franca;F;7
Anette;F;7
Véronica;F;7
Anne-Laurence;F;7
Marise;F;7
Orlane;F;7
Livia;F;7
Cyrielle;F;7
Jeaninne;F;7
Mirella;F;7
Marie-Lyse;F;7
Laeticia;F;7
Anne-Gaëlle;F;7
Natalie;F;7
Lisbeth;F;7
Hortense;F;7
Fouzia;F;7
Marie-Estelle;F;7
Léna;F;7
Serge;F;7
Marie-Bénédicte;F;7
Annik;F;7
Sèverine;F;7
Ericka;F;7
Marie-Michelle;F;7
Martha;F;7
Helga;F;7
Shirley;F;7
Fiona;F;7
Rosemarie;F;7
Nolwen;F;7
Sofia;F;7
Amal;F;7
Typhaine;F;7
Inge;F;7
Bouchra;F;7
Marie-Florence;F;7
Nassera;F;7
Silvia;F;7
Marie-Nicole;F;7
Paméla;F;7
Sylvana;F;7
Mariam;F;7
Ruth;F;6
Léonce;F;6
Marie Andrée;F;6
Hafida;F;6
Guylene;F;6
Bianca;F;6
Safia;F;6
Hélèna;F;6
Maya;F;6
Janny;F;6
Rachèle;F;6
Cecilia;F;6
Chrystele;F;6
Marie-Henriette;F;6
Karelle;F;6
Rahma;F;6
Nada;F;6
Hermine;F;6
Martina;F;6
Annonciade;F;6
Marie Renée;F;6
Capucine;F;6
Priscille;F;6
Cathérine;F;6
Laëticia;F;6
Saadia;F;6
Gilles;F;6
Ulrike;F;6
Natalia;F;6
Marie-Jane;F;6
Ernestine;F;6
Térésa;F;6
Gwladys;F;6
Moïsette;F;6
Valèrie;F;6
Guénaëlle;F;6
Hilde;F;6
Marie-Charlotte;F;6
Marie Laurence;F;6
Félicie;F;6
Marie-Neige;F;6
Roukia;F;6
Gillian;F;6
David;F;6
Rabia;F;6
Marie-Adèle;F;6
Marietta;F;6
Magdeleine;F;6
Hilda;F;6
Myriame;F;6
Christophe;F;6
Tamara;F;6
Carmela;F;6
Félicité;F;6
Flavienne;F;6
Quitterie;F;6
Denis;F;6
Elena;F;6
Gaël;F;6
Suzie;F;6
Ange-Marie;F;6
Marie-Denise;F;6
Amel;F;6
Wendy;F;6
Aziza;F;6
Cyril;F;6
Maîté;F;6
Juliana;F;6
Bruna;F;6
Coline;F;6
Ophelie;F;6
Marika;F;6
Renate;F;6
Rose-Hélène;F;6
Marie-Evelyne;F;6
Marie-Cecile;F;5
Marie Joelle;F;5
Donatienne;F;5
Lily;F;5
Anne-Yvonne;F;5
Fany;F;5
Madeline;F;5
Hamida;F;5
Sheila;F;5
Sébastien;F;5
Anne-Caroline;F;5
Annaïck;F;5
Gwenola;F;5
Amalia;F;5
Marinella;F;5
Marie-Joelle;F;5
Ghislène;F;5
Consuelo;F;5
Jean-Louis;F;5
Marie Joseph;F;5
Fatna;F;5
Hannelore;F;5
Silvana;F;5
Malou;F;5
Jean-Marc;F;5
Vincenza;F;5
Augusta;F;5
Guenaëlle;F;5
Zoubida;F;5
Monette;F;5
Joseph;F;5
Félicia;F;5
Hawa;F;5
Vérane;F;5
Mélody;F;5
Annie-Paule;F;5
Yolène;F;5
Marie Josephe;F;5
Syndie;F;5
Marie-Berthe;F;5
Rosiane;F;5
Mickaëlle;F;5
